Enrollment_ID,Student_ID,Gender,Programme,Academic_Year,Semester,Course_ID,Course_Name,Attempt_Number,Enrollment_Type,CA_Score,Assignment_Average,Test_Average,Attendance_Percentage,Number_of_Courses,Previous_Semester_GPA,Previous_Failed_Courses,Final_Exam_Score,Final_Result,Academic_Risk,Performance_Index,CA_Attendance_Ratio,CA_Below_50,Attendance_Below_70,Score_Consistency,Student_CA_Mean,Student_Attendance_Mean,Student_Assignment_Mean,Student_Test_Mean,Student_Performance_Std,Student_Low_CA_Count,Risk_Binary,Risk_Binary_Encoded
ENR000001,BSDS001,Male,Bachelor of Science in Data Science,1,1,BICT1101,End User Computing,1,NEW,80.2,85.72,75.38,87.76,5,0.0,0,88.98,PASS,LOW,80.41,0.9138558666982831,0,0,5.173947558038576,72.152,86.80199999999999,74.572,69.542,6.033532008699383,0,LOW,1
ENR000002,BSDS001,Male,Bachelor of Science in Data Science,1,1,BICT1102,Introduction to Programming,1,NEW,73.33,75.92,72.13,88.24,5,0.0,0,67.67,PASS,LOW,73.747,0.8310289176077836,0,0,1.9370166063648873,72.152,86.80199999999999,74.572,69.542,6.033532008699383,0,LOW,1
ENR000003,BSDS001,Male,Bachelor of Science in Data Science,1,1,BICT1103,Computer and Communication Technology,1,NEW,65.19,67.97,64.11,86.14,5,0.0,0,59.89,PASS,LOW,65.69999999999999,0.7567911821695864,0,0,1.9914149073795078,72.152,86.80199999999999,74.572,69.542,6.033532008699383,0,LOW,1
ENR000004,BSDS001,Male,Bachelor of Science in Data Science,1,1,COMM1101,Communication Skills I,1,NEW,75.27,73.09,73.04,86.43,5,0.0,0,76.86,PASS,LOW,73.947,0.8708780665419336,0,0,1.2733027919548385,72.152,86.80199999999999,74.572,69.542,6.033532008699383,0,LOW,1
ENR000005,BSDS001,Male,Bachelor of Science in Data Science,1,1,MATH1101,Precalculus,1,NEW,66.77,70.16,63.05,85.44,5,0.0,0,55.62,PASS,LOW,66.67099999999999,0.7814839909311808,0,0,3.5562761422589215,72.152,86.80199999999999,74.572,69.542,6.033532008699383,0,LOW,1
ENR000006,BSDS002,Male,Bachelor of Science in Data Science,1,1,BICT1101,End User Computing,1,NEW,79.02,72.23,85.86,81.23,5,0.0,0,74.95,PASS,LOW,79.035,0.9727931832090134,0,0,6.815015284893593,72.838,80.384,73.458,73.244,4.988063221331507,0,LOW,1
ENR000007,BSDS002,Male,Bachelor of Science in Data Science,1,1,BICT1102,Introduction to Programming,1,NEW,66.85,70.69,68.89,85.69,5,0.0,0,57.38,PASS,LOW,68.61399999999999,0.7801376146414266,0,0,1.9212495933636542,72.838,80.384,73.458,73.244,4.988063221331507,0,LOW,1
ENR000008,BSDS002,Male,Bachelor of Science in Data Science,1,1,BICT1103,Computer and Communication Technology,1,NEW,76.72,79.61,74.17,83.18,5,0.0,0,73.79,PASS,LOW,76.822,0.9223369893800204,0,0,2.721770257265173,72.838,80.384,73.458,73.244,4.988063221331507,0,LOW,1
ENR000009,BSDS002,Male,Bachelor of Science in Data Science,1,1,COMM1101,Communication Skills I,1,NEW,74.59,69.97,76.04,76.48,5,0.0,0,79.78,PASS,LOW,73.63900000000001,0.9752875293818607,0,0,3.1699579387325247,72.838,80.384,73.458,73.244,4.988063221331507,0,LOW,1
ENR000010,BSDS002,Male,Bachelor of Science in Data Science,1,1,MATH1101,Precalculus,1,NEW,67.01,74.79,61.26,75.34,5,0.0,0,64.79,PASS,LOW,67.619,0.8894344452569093,0,0,6.790333816045672,72.838,80.384,73.458,73.244,4.988063221331507,0,LOW,1
ENR000011,BSDS003,Male,Bachelor of Science in Data Science,1,1,BICT1101,End User Computing,1,NEW,44.78,42.37,44.26,53.16,5,0.0,2,42.59,FAIL,HIGH,43.900999999999996,0.842362520247833,1,1,1.2682402506360289,41.914,56.94199999999999,44.494,41.412,6.898106573546109,5,AT_RISK,0
ENR000012,BSDS003,Male,Bachelor of Science in Data Science,1,1,BICT1102,Introduction to Programming,1,NEW,34.68,39.3,27.62,55.78,5,0.0,2,38.81,FAIL,HIGH,33.948,0.6217281065385252,1,1,5.8823238038494035,41.914,56.94199999999999,44.494,41.412,6.898106573546109,5,AT_RISK,0
ENR000013,BSDS003,Male,Bachelor of Science in Data Science,1,1,BICT1103,Computer and Communication Technology,1,NEW,45.57,50.01,43.06,56.23,5,0.0,2,47.05,FAIL,HIGH,46.149,0.810421339067875,1,1,3.5193796801898656,41.914,56.94199999999999,44.494,41.412,6.898106573546109,5,AT_RISK,0
ENR000014,BSDS003,Male,Bachelor of Science in Data Science,1,1,COMM1101,Communication Skills I,1,NEW,48.88,47.07,58.56,62.67,5,0.0,2,60.6,PASS,HIGH,51.24100000000001,0.7799583883902363,1,1,6.177898779790208,41.914,56.94199999999999,44.494,41.412,6.898106573546109,5,AT_RISK,0
ENR000015,BSDS003,Male,Bachelor of Science in Data Science,1,1,MATH1101,Precalculus,1,NEW,35.66,43.72,33.56,56.87,5,0.0,2,30.83,FAIL,HIGH,37.448,0.6270440254890055,1,1,5.363444167075231,41.914,56.94199999999999,44.494,41.412,6.898106573546109,5,AT_RISK,0
ENR000016,BSDS004,Male,Bachelor of Science in Data Science,1,1,BICT1101,End User Computing,1,NEW,75.92,75.15,73.94,92.79,5,0.0,0,78.99,PASS,LOW,75.095,0.8181915272991133,0,0,0.9981148898465236,75.488,93.13,78.226,70.562,1.661847556185587,0,LOW,1
ENR000017,BSDS004,Male,Bachelor of Science in Data Science,1,1,BICT1102,Introduction to Programming,1,NEW,77.09,81.74,69.52,92.75,5,0.0,0,68.17,PASS,LOW,76.214,0.8311589400367719,0,0,6.167871053559188,75.488,93.13,78.226,70.562,1.661847556185587,0,LOW,1
ENR000018,BSDS004,Male,Bachelor of Science in Data Science,1,1,BICT1103,Computer and Communication Technology,1,NEW,72.35,77.5,66.32,93.56,5,0.0,0,73.23,PASS,LOW,72.086,0.7733004731401802,0,0,5.5957692351752115,75.488,93.13,78.226,70.562,1.661847556185587,0,LOW,1
ENR000019,BSDS004,Male,Bachelor of Science in Data Science,1,1,COMM1101,Communication Skills I,1,NEW,75.68,78.75,73.88,94.89,5,0.0,0,77.51,PASS,LOW,76.061,0.7975549797075583,0,0,2.462444584824873,75.488,93.13,78.226,70.562,1.661847556185587,0,LOW,1
ENR000020,BSDS004,Male,Bachelor of Science in Data Science,1,1,MATH1101,Precalculus,1,NEW,76.4,77.99,69.15,91.66,5,0.0,0,71.8,PASS,LOW,74.702,0.8335150738037231,0,0,4.712327804104177,75.488,93.13,78.226,70.562,1.661847556185587,0,LOW,1
ENR000021,BSDS005,Male,Bachelor of Science in Data Science,1,1,BICT1101,End User Computing,1,NEW,77.24,73.36,73.73,77.88,4,0.0,0,75.1,PASS,LOW,75.023,0.9917821017228939,0,0,2.1413157948638304,73.09,85.40599999999999,74.23400000000001,70.276,4.756344447156871,0,LOW,1
ENR000022,BSDS005,Male,Bachelor of Science in Data Science,1,1,BICT1102,Introduction to Programming,1,NEW,70.0,76.43,60.14,86.76,4,0.0,0,69.23,PASS,LOW,68.971,0.8068233279364536,0,0,8.20496394466992,73.09,85.40599999999999,74.23400000000001,70.276,4.756344447156871,0,LOW,1
ENR000023,BSDS005,Male,Bachelor of Science in Data Science,1,1,BICT1103,Computer and Communication Technology,1,NEW,75.25,72.74,81.96,88.72,4,0.0,0,81.13,PASS,LOW,76.51,0.8481739350570406,0,0,4.766770395141766,73.09,85.40599999999999,74.23400000000001,70.276,4.756344447156871,0,LOW,1
ENR000024,BSDS005,Male,Bachelor of Science in Data Science,1,1,COMM1101,Communication Skills I,1,NEW,76.43,74.29,78.26,94.32,4,0.0,0,78.24,PASS,LOW,76.337,0.8103264620094931,0,0,1.9870161884930206,73.09,85.40599999999999,74.23400000000001,70.276,4.756344447156871,0,LOW,1
ENR000025,BSDS005,Male,Bachelor of Science in Data Science,1,1,MATH1101,Precalculus,1,NEW,66.53,74.35,57.29,79.35,4,0.0,0,54.53,PASS,LOW,66.104,0.8384371974244238,0,0,8.539843870547827,73.09,85.40599999999999,74.23400000000001,70.276,4.756344447156871,0,LOW,1
ENR000026,BSDS006,Male,Bachelor of Science in Data Science,1,1,BICT1101,End User Computing,1,NEW,56.96,62.5,50.74,62.8,5,0.0,1,63.52,PASS,MEDIUM,56.756,0.9070062249990087,0,1,5.883275731540492,56.686,61.318000000000005,58.474000000000004,55.156000000000006,3.4350753703521586,0,AT_RISK,0
ENR000027,BSDS006,Male,Bachelor of Science in Data Science,1,1,BICT1102,Introduction to Programming,1,NEW,55.27,57.55,50.65,57.65,5,0.0,1,42.7,FAIL,HIGH,54.568,0.9587162257213833,0,1,3.5155084980696603,56.686,61.318000000000005,58.474000000000004,55.156000000000006,3.4350753703521586,0,AT_RISK,0
ENR000028,BSDS006,Male,Bachelor of Science in Data Science,1,1,BICT1103,Computer and Communication Technology,1,NEW,58.75,59.64,57.1,58.8,5,0.0,1,59.34,PASS,HIGH,58.52199999999999,0.999149489940563,0,1,1.2888108213905296,56.686,61.318000000000005,58.474000000000004,55.156000000000006,3.4350753703521586,0,AT_RISK,0
ENR000029,BSDS006,Male,Bachelor of Science in Data Science,1,1,COMM1101,Communication Skills I,1,NEW,60.77,59.09,64.59,61.36,5,0.0,1,75.67,PASS,MEDIUM,61.412000000000006,0.9903844539790655,0,1,2.8185338978506773,56.686,61.318000000000005,58.474000000000004,55.156000000000006,3.4350753703521586,0,AT_RISK,0
ENR000030,BSDS006,Male,Bachelor of Science in Data Science,1,1,MATH1101,Precalculus,1,NEW,51.68,53.59,52.7,65.98,5,0.0,1,53.14,PASS,MEDIUM,52.559,0.7832675381528434,0,1,0.9557370628647488,56.686,61.318000000000005,58.474000000000004,55.156000000000006,3.4350753703521586,0,AT_RISK,0
ENR000031,BSDS007,Male,Bachelor of Science in Data Science,1,1,BICT1101,End User Computing,1,NEW,64.66,61.05,62.58,67.75,6,0.0,0,62.87,PASS,MEDIUM,62.952999999999996,0.9543910030419183,0,1,1.8119694625830016,57.67999999999999,66.282,60.166,53.914,6.080422107058025,1,AT_RISK,0
ENR000032,BSDS007,Male,Bachelor of Science in Data Science,1,1,BICT1102,Introduction to Programming,1,NEW,47.64,52.14,43.38,60.88,6,0.0,0,45.73,FAIL,HIGH,47.712,0.782522867522525,1,1,4.380547910935342,57.67999999999999,66.282,60.166,53.914,6.080422107058025,1,AT_RISK,0
ENR000033,BSDS007,Male,Bachelor of Science in Data Science,1,1,BICT1103,Computer and Communication Technology,1,NEW,60.85,62.16,55.17,65.0,6,0.0,0,56.97,PASS,MEDIUM,59.539,0.9361537021301997,0,1,3.715700920867195,57.67999999999999,66.282,60.166,53.914,6.080422107058025,1,AT_RISK,0
ENR000034,BSDS007,Male,Bachelor of Science in Data Science,1,1,COMM1101,Communication Skills I,1,NEW,60.14,64.58,58.91,74.78,6,0.0,0,66.63,PASS,MEDIUM,61.102999999999994,0.8042256212589434,0,0,2.9825995373164,57.67999999999999,66.282,60.166,53.914,6.080422107058025,1,AT_RISK,0
ENR000035,BSDS007,Male,Bachelor of Science in Data Science,1,1,MATH1101,Precalculus,1,NEW,55.11,60.9,49.53,63.0,6,0.0,0,44.14,FAIL,MEDIUM,55.173,0.8747617659108308,0,1,5.6853232098096225,57.67999999999999,66.282,60.166,53.914,6.080422107058025,1,AT_RISK,0
ENR000036,BSDS008,Male,Bachelor of Science in Data Science,1,1,BICT1101,End User Computing,1,NEW,29.06,34.82,22.77,50.3,7,0.0,1,31.61,FAIL,HIGH,28.900999999999996,0.5777334835519913,1,1,6.026942287207779,32.471999999999994,48.622,36.08,28.145999999999997,5.306138219081745,5,AT_RISK,0
ENR000037,BSDS008,Male,Bachelor of Science in Data Science,1,1,BICT1102,Introduction to Programming,1,NEW,24.93,32.08,21.2,43.34,7,0.0,1,23.8,FAIL,HIGH,25.956,0.5752190643241659,1,1,5.528860642121485,32.471999999999994,48.622,36.08,28.145999999999997,5.306138219081745,5,AT_RISK,0
ENR000038,BSDS008,Male,Bachelor of Science in Data Science,1,1,BICT1103,Computer and Communication Technology,1,NEW,34.47,38.75,34.33,49.12,7,0.0,1,29.27,FAIL,HIGH,35.712,0.7017506714676971,1,1,2.5124490044576038,32.471999999999994,48.622,36.08,28.145999999999997,5.306138219081745,5,AT_RISK,0
ENR000039,BSDS008,Male,Bachelor of Science in Data Science,1,1,COMM1101,Communication Skills I,1,NEW,42.73,35.84,38.06,48.93,7,0.0,1,47.88,FAIL,HIGH,39.262,0.8732881926654009,1,1,3.51684991623659,32.471999999999994,48.622,36.08,28.145999999999997,5.306138219081745,5,AT_RISK,0
ENR000040,BSDS008,Male,Bachelor of Science in Data Science,1,1,MATH1101,Precalculus,1,NEW,31.17,38.91,24.37,51.42,7,0.0,1,30.71,FAIL,HIGH,31.452,0.6061842461718696,1,1,7.275062428139933,32.471999999999994,48.622,36.08,28.145999999999997,5.306138219081745,5,AT_RISK,0
ENR000041,BSDS009,Male,Bachelor of Science in Data Science,1,1,BICT1101,End User Computing,1,NEW,73.52,70.62,82.03,82.64,5,0.0,0,81.1,PASS,LOW,75.203,0.8896417122892409,0,0,5.930404707943632,69.336,81.27799999999999,73.024,67.884,6.031452909540121,0,LOW,1
ENR000042,BSDS009,Male,Bachelor of Science in Data Science,1,1,BICT1102,Introduction to Programming,1,NEW,66.12,66.28,65.77,78.13,5,0.0,0,56.75,PASS,LOW,66.063,0.8462817296452414,0,0,0.2608320021265317,69.336,81.27799999999999,73.024,67.884,6.031452909540121,0,LOW,1
ENR000043,BSDS009,Male,Bachelor of Science in Data Science,1,1,BICT1103,Computer and Communication Technology,1,NEW,67.76,73.29,61.57,81.72,5,0.0,0,66.57,PASS,LOW,67.56200000000001,0.8291726836548357,0,0,5.8630964515348065,69.336,81.27799999999999,73.024,67.884,6.031452909540121,0,LOW,1
ENR000044,BSDS009,Male,Bachelor of Science in Data Science,1,1,COMM1101,Communication Skills I,1,NEW,75.72,80.7,76.81,81.97,5,0.0,0,80.29,PASS,LOW,77.541,0.923752479717887,0,0,2.6179062881114255,69.336,81.27799999999999,73.024,67.884,6.031452909540121,0,LOW,1
ENR000045,BSDS009,Male,Bachelor of Science in Data Science,1,1,MATH1101,Precalculus,1,NEW,63.56,74.23,53.24,81.93,5,0.0,0,60.34,PASS,LOW,63.665000000000006,0.7757841113408871,0,0,10.495486331434735,69.336,81.27799999999999,73.024,67.884,6.031452909540121,0,LOW,1
ENR000046,BSDS010,Male,Bachelor of Science in Data Science,1,1,BICT1101,End User Computing,1,NEW,76.1,73.89,73.02,77.46,5,0.0,0,77.74,PASS,LOW,74.51299999999999,0.9824424241618352,0,0,1.5878392026062742,74.362,75.394,78.826,68.834,5.156245116361321,0,LOW,1
ENR000047,BSDS010,Male,Bachelor of Science in Data Science,1,1,BICT1102,Introduction to Programming,1,NEW,81.79,79.56,80.93,73.75,5,0.0,0,67.61,PASS,MEDIUM,80.863,1.1090167987773834,0,0,1.1246777316191536,74.362,75.394,78.826,68.834,5.156245116361321,0,AT_RISK,0
ENR000048,BSDS010,Male,Bachelor of Science in Data Science,1,1,BICT1103,Computer and Communication Technology,1,NEW,77.15,82.39,70.57,76.86,5,0.0,0,78.79,PASS,LOW,76.74799999999999,1.0037729633394532,0,0,5.92264580515612,74.362,75.394,78.826,68.834,5.156245116361321,0,LOW,1
ENR000049,BSDS010,Male,Bachelor of Science in Data Science,1,1,COMM1101,Communication Skills I,1,NEW,67.04,75.14,62.02,75.09,5,0.0,0,67.32,PASS,LOW,67.964,0.8927951933952333,0,0,6.61997985898245,74.362,75.394,78.826,68.834,5.156245116361321,0,LOW,1
ENR000050,BSDS010,Male,Bachelor of Science in Data Science,1,1,MATH1101,Precalculus,1,NEW,69.73,83.15,57.63,73.81,5,0.0,0,62.29,PASS,MEDIUM,70.126,0.944722809277495,0,0,12.76568838723553,74.362,75.394,78.826,68.834,5.156245116361321,0,AT_RISK,0
ENR000051,BSDS011,Male,Bachelor of Science in Data Science,1,1,BICT1101,End User Computing,1,NEW,78.74,80.68,75.42,82.04,5,0.0,0,79.27,PASS,LOW,78.326,0.959775602172647,0,0,2.6600000000000015,78.26599999999999,79.104,79.576,78.32000000000001,3.4538508508619805,0,LOW,1
ENR000052,BSDS011,Male,Bachelor of Science in Data Science,1,1,BICT1102,Introduction to Programming,1,NEW,74.22,78.51,69.58,74.98,5,0.0,0,72.88,PASS,MEDIUM,74.115,0.9898638317066107,0,0,4.46614300412933,78.26599999999999,79.104,79.576,78.32000000000001,3.4538508508619805,0,AT_RISK,0
ENR000053,BSDS011,Male,Bachelor of Science in Data Science,1,1,BICT1103,Computer and Communication Technology,1,NEW,80.81,75.03,92.44,83.73,5,0.0,0,82.68,PASS,LOW,82.565,0.965125884972425,0,0,8.867293837468113,78.26599999999999,79.104,79.576,78.32000000000001,3.4538508508619805,0,LOW,1
ENR000054,BSDS011,Male,Bachelor of Science in Data Science,1,1,COMM1101,Communication Skills I,1,NEW,81.36,81.23,82.11,79.74,5,0.0,0,80.96,PASS,LOW,81.546,1.020315899132694,0,0,0.47500877184882784,78.26599999999999,79.104,79.576,78.32000000000001,3.4538508508619805,0,LOW,1
ENR000055,BSDS011,Male,Bachelor of Science in Data Science,1,1,MATH1101,Precalculus,1,NEW,76.2,82.43,72.05,75.03,5,0.0,0,75.23,PASS,LOW,76.824,1.0155936271366617,0,0,5.2246180083651454,78.26599999999999,79.104,79.576,78.32000000000001,3.4538508508619805,0,LOW,1
ENR000056,BSDS012,Female,Bachelor of Science in Data Science,1,1,BICT1101,End User Computing,1,NEW,75.34,75.02,73.41,93.4,5,0.0,0,80.23,PASS,LOW,74.665,0.8066380292678769,0,0,1.0343597053249922,77.52799999999999,92.144,77.912,77.236,3.800521451064309,0,LOW,1
ENR000057,BSDS012,Female,Bachelor of Science in Data Science,1,1,BICT1102,Introduction to Programming,1,NEW,76.49,78.84,75.92,90.79,5,0.0,0,77.03,PASS,LOW,77.024,0.8424935739075256,0,0,1.5477833612406293,77.52799999999999,92.144,77.912,77.236,3.800521451064309,0,LOW,1
ENR000058,BSDS012,Female,Bachelor of Science in Data Science,1,1,BICT1103,Computer and Communication Technology,1,NEW,80.04,76.91,80.7,90.07,5,0.0,0,85.12,PASS,LOW,79.299,0.8886420685420153,0,0,2.0247057399368806,77.52799999999999,92.144,77.912,77.236,3.800521451064309,0,LOW,1
ENR000059,BSDS012,Female,Bachelor of Science in Data Science,1,1,COMM1101,Communication Skills I,1,NEW,82.84,80.21,86.41,96.1,5,0.0,0,89.68,PASS,LOW,83.122,0.8620186407889032,0,0,3.1118536812217474,77.52799999999999,92.144,77.912,77.236,3.800521451064309,0,LOW,1
ENR000060,BSDS012,Female,Bachelor of Science in Data Science,1,1,MATH1101,Precalculus,1,NEW,72.93,78.58,69.74,90.36,5,0.0,0,81.27,PASS,LOW,73.668,0.8071048243575892,0,0,4.476684040671176,77.52799999999999,92.144,77.912,77.236,3.800521451064309,0,LOW,1
ENR000061,BSDS013,Male,Bachelor of Science in Data Science,1,1,BICT1101,End User Computing,1,NEW,72.91,73.3,70.63,83.35,5,0.0,0,73.19,PASS,LOW,72.34299999999999,0.8747449460413982,0,0,1.4421858410066304,64.228,77.3,66.61,61.636,6.944857269951624,0,LOW,1
ENR000062,BSDS013,Male,Bachelor of Science in Data Science,1,1,BICT1102,Introduction to Programming,1,NEW,61.47,66.84,53.18,75.13,5,0.0,0,55.47,PASS,LOW,60.594,0.8181817092796873,0,0,6.881819042472227,64.228,77.3,66.61,61.636,6.944857269951624,0,LOW,1
ENR000063,BSDS013,Male,Bachelor of Science in Data Science,1,1,BICT1103,Computer and Communication Technology,1,NEW,64.52,64.96,65.77,75.41,5,0.0,0,60.05,PASS,LOW,65.027,0.8555893309124345,0,0,0.6340609855000807,64.228,77.3,66.61,61.636,6.944857269951624,0,LOW,1
ENR000064,BSDS013,Male,Bachelor of Science in Data Science,1,1,COMM1101,Communication Skills I,1,NEW,67.99,69.29,68.11,79.69,5,0.0,0,73.09,PASS,LOW,68.416,0.853180969609616,0,0,0.7184242015225691,64.228,77.3,66.61,61.636,6.944857269951624,0,LOW,1
ENR000065,BSDS013,Male,Bachelor of Science in Data Science,1,1,MATH1101,Precalculus,1,NEW,54.25,58.66,50.49,72.92,5,0.0,0,51.86,PASS,MEDIUM,54.445,0.7439658881012221,0,0,4.089307194786582,64.228,77.3,66.61,61.636,6.944857269951624,0,AT_RISK,0
ENR000066,BSDS014,Female,Bachelor of Science in Data Science,1,1,BICT1101,End User Computing,1,NEW,42.42,46.19,38.7,55.36,6,0.0,2,40.86,FAIL,HIGH,42.435,0.7662570870200348,1,1,3.7450278147609684,45.102,57.298,48.19,40.146,1.9852350742418372,5,AT_RISK,0
ENR000067,BSDS014,Female,Bachelor of Science in Data Science,1,1,BICT1102,Introduction to Programming,1,NEW,43.82,42.83,40.21,57.29,6,0.0,2,39.43,FAIL,HIGH,42.44,0.7648802993750569,1,1,1.8653239218251965,45.102,57.298,48.19,40.146,1.9852350742418372,5,AT_RISK,0
ENR000068,BSDS014,Female,Bachelor of Science in Data Science,1,1,BICT1103,Computer and Communication Technology,1,NEW,45.98,50.53,40.75,57.61,6,0.0,2,44.65,FAIL,HIGH,45.775999999999996,0.7981251869249805,1,1,4.893938427619757,45.102,57.298,48.19,40.146,1.9852350742418372,5,AT_RISK,0
ENR000069,BSDS014,Female,Bachelor of Science in Data Science,1,1,COMM1101,Communication Skills I,1,NEW,47.17,42.78,50.07,56.39,6,0.0,2,60.17,PASS,HIGH,46.723,0.8364956842532923,1,1,3.6702906333604335,45.102,57.298,48.19,40.146,1.9852350742418372,5,AT_RISK,0
ENR000070,BSDS014,Female,Bachelor of Science in Data Science,1,1,MATH1101,Precalculus,1,NEW,46.12,58.62,31.0,59.84,6,0.0,2,39.06,FAIL,HIGH,45.333999999999996,0.7707217963365981,1,1,13.830695330797122,45.102,57.298,48.19,40.146,1.9852350742418372,5,AT_RISK,0
ENR000071,BSDS015,Male,Bachelor of Science in Data Science,1,1,BICT1101,End User Computing,1,NEW,75.18,79.74,72.2,77.79,5,0.0,0,70.0,PASS,LOW,75.654,0.96644800534156,0,0,3.7974903993734204,81.954,78.228,80.812,81.784,5.599385796674487,0,LOW,1
ENR000072,BSDS015,Male,Bachelor of Science in Data Science,1,1,BICT1102,Introduction to Programming,1,NEW,88.84,85.83,89.0,81.75,5,0.0,0,80.72,PASS,LOW,87.985,1.086727695813126,0,0,1.7858051405458566,81.954,78.228,80.812,81.784,5.599385796674487,0,LOW,1
ENR000073,BSDS015,Male,Bachelor of Science in Data Science,1,1,BICT1103,Computer and Communication Technology,1,NEW,82.79,85.12,74.98,77.56,5,0.0,0,86.0,PASS,LOW,81.14600000000002,1.0674315281805662,0,0,5.311067061649037,81.954,78.228,80.812,81.784,5.599385796674487,0,LOW,1
ENR000074,BSDS015,Male,Bachelor of Science in Data Science,1,1,COMM1101,Communication Skills I,1,NEW,86.36,74.69,98.37,79.27,5,0.0,0,99.18,PASS,LOW,86.462,1.089441013064083,0,0,11.84040680607442,81.954,78.228,80.812,81.784,5.599385796674487,0,LOW,1
ENR000075,BSDS015,Male,Bachelor of Science in Data Science,1,1,MATH1101,Precalculus,1,NEW,76.6,78.68,74.37,74.77,5,0.0,0,68.05,PASS,MEDIUM,76.555,1.024474919824138,0,0,2.15543499090091,81.954,78.228,80.812,81.784,5.599385796674487,0,AT_RISK,0
ENR000076,BSDS016,Female,Bachelor of Science in Data Science,1,1,BICT1101,End User Computing,1,NEW,78.63,76.25,78.88,79.02,5,0.0,0,72.0,PASS,LOW,77.991,0.9950644146969861,0,0,1.451654228802435,76.978,78.696,80.142,72.486,5.71469240642049,0,LOW,1
ENR000077,BSDS016,Female,Bachelor of Science in Data Science,1,1,BICT1102,Introduction to Programming,1,NEW,73.26,80.09,68.67,73.46,5,0.0,0,77.21,PASS,MEDIUM,73.932,0.9972772941359525,0,0,5.746497483975203,76.978,78.696,80.142,72.486,5.71469240642049,0,AT_RISK,0
ENR000078,BSDS016,Female,Bachelor of Science in Data Science,1,1,BICT1103,Computer and Communication Technology,1,NEW,81.25,81.91,74.4,80.06,5,0.0,0,88.61,PASS,LOW,79.393,1.0148637253480233,0,0,4.1584893090319826,76.978,78.696,80.142,72.486,5.71469240642049,0,LOW,1
ENR000079,BSDS016,Female,Bachelor of Science in Data Science,1,1,COMM1101,Communication Skills I,1,NEW,84.52,80.36,84.58,78.6,5,0.0,0,80.66,PASS,LOW,83.29,1.075317929348864,0,0,2.419283640529429,76.978,78.696,80.142,72.486,5.71469240642049,0,LOW,1
ENR000080,BSDS016,Female,Bachelor of Science in Data Science,1,1,MATH1101,Precalculus,1,NEW,67.23,82.1,55.9,82.34,5,0.0,0,48.11,PASS,LOW,68.292,0.8164924925318809,0,0,13.139798324175295,76.978,78.696,80.142,72.486,5.71469240642049,0,LOW,1
ENR000081,BSDS017,Male,Bachelor of Science in Data Science,1,1,BICT1101,End User Computing,1,NEW,78.66,77.79,83.67,96.31,5,0.0,0,71.71,PASS,LOW,79.902,0.8167375333052088,0,0,3.173625686813112,72.084,89.146,75.184,72.836,5.829968979334277,0,LOW,1
ENR000082,BSDS017,Male,Bachelor of Science in Data Science,1,1,BICT1102,Introduction to Programming,1,NEW,67.7,77.16,64.45,90.08,5,0.0,0,64.43,PASS,LOW,69.563,0.7515540906356472,0,0,6.60300689080361,72.084,89.146,75.184,72.836,5.829968979334277,0,LOW,1
ENR000083,BSDS017,Male,Bachelor of Science in Data Science,1,1,BICT1103,Computer and Communication Technology,1,NEW,72.93,76.84,71.85,85.09,5,0.0,0,69.74,PASS,LOW,73.779,0.8570923895766377,0,0,2.625344421848941,72.084,89.146,75.184,72.836,5.829968979334277,0,LOW,1
ENR000084,BSDS017,Male,Bachelor of Science in Data Science,1,1,COMM1101,Communication Skills I,1,NEW,76.57,73.52,82.58,86.07,5,0.0,0,84.85,PASS,LOW,77.458,0.8896246207012175,0,0,4.609884308020468,72.084,89.146,75.184,72.836,5.829968979334277,0,LOW,1
ENR000085,BSDS017,Male,Bachelor of Science in Data Science,1,1,MATH1101,Precalculus,1,NEW,64.56,70.61,61.63,88.18,5,0.0,0,57.72,PASS,LOW,65.49600000000001,0.7321387239579582,0,0,4.579443197595094,72.084,89.146,75.184,72.836,5.829968979334277,0,LOW,1
ENR000086,BSDS018,Female,Bachelor of Science in Data Science,1,1,BICT1101,End User Computing,1,NEW,35.74,36.15,35.67,63.89,6,0.0,0,37.21,FAIL,HIGH,35.842,0.5593988794179247,1,1,0.25929391302792354,36.652,62.128,36.278,36.234,8.734612429867738,4,AT_RISK,0
ENR000087,BSDS018,Female,Bachelor of Science in Data Science,1,1,BICT1102,Introduction to Programming,1,NEW,33.09,44.25,23.67,66.21,6,0.0,0,27.93,FAIL,HIGH,33.612,0.4997733726365546,1,1,10.302252180955385,36.652,62.128,36.278,36.234,8.734612429867738,4,AT_RISK,0
ENR000088,BSDS018,Female,Bachelor of Science in Data Science,1,1,BICT1103,Computer and Communication Technology,1,NEW,36.23,28.8,38.72,54.55,6,0.0,0,36.31,FAIL,HIGH,34.748,0.6641611981372688,1,1,5.1609333781142075,36.652,62.128,36.278,36.234,8.734612429867738,4,AT_RISK,0
ENR000089,BSDS018,Female,Bachelor of Science in Data Science,1,1,COMM1101,Communication Skills I,1,NEW,51.81,41.96,58.29,66.06,6,0.0,0,56.91,PASS,MEDIUM,50.799,0.7842868930840307,0,1,8.22275095897555,36.652,62.128,36.278,36.234,8.734612429867738,4,AT_RISK,0
ENR000090,BSDS018,Female,Bachelor of Science in Data Science,1,1,MATH1101,Precalculus,1,NEW,26.39,30.23,24.82,59.93,6,0.0,0,15.74,FAIL,HIGH,27.071,0.4403469981066247,1,1,2.7832415154516026,36.652,62.128,36.278,36.234,8.734612429867738,4,AT_RISK,0
ENR000091,BSDS019,Female,Bachelor of Science in Data Science,1,1,BICT1101,End User Computing,1,NEW,75.25,76.5,69.57,86.26,5,0.0,0,75.12,PASS,LOW,73.921,0.8723625234914765,0,0,3.6934581808020193,68.648,79.96000000000001,69.426,66.85,3.9817230566678012,0,LOW,1
ENR000092,BSDS019,Female,Bachelor of Science in Data Science,1,1,BICT1102,Introduction to Programming,1,NEW,67.92,76.14,62.82,76.07,5,0.0,0,62.06,PASS,LOW,68.856,0.8928617204072933,0,0,6.720624970938342,68.648,79.96000000000001,69.426,66.85,3.9817230566678012,0,LOW,1
ENR000093,BSDS019,Female,Bachelor of Science in Data Science,1,1,BICT1103,Computer and Communication Technology,1,NEW,69.22,61.59,71.13,76.01,5,0.0,0,61.08,PASS,LOW,67.504,0.9106695289212564,0,0,5.0477156549604985,68.648,79.96000000000001,69.426,66.85,3.9817230566678012,0,LOW,1
ENR000094,BSDS019,Female,Bachelor of Science in Data Science,1,1,COMM1101,Communication Skills I,1,NEW,68.14,67.26,70.8,81.76,5,0.0,0,67.62,PASS,LOW,68.67399999999999,0.8334147708641424,0,0,1.8430771371088406,68.648,79.96000000000001,69.426,66.85,3.9817230566678012,0,LOW,1
ENR000095,BSDS019,Female,Bachelor of Science in Data Science,1,1,MATH1101,Precalculus,1,NEW,62.71,65.64,59.93,79.7,5,0.0,0,57.14,PASS,LOW,62.755,0.7868254972615436,0,0,2.855328352396621,68.648,79.96000000000001,69.426,66.85,3.9817230566678012,0,LOW,1
ENR000096,BSDS020,Male,Bachelor of Science in Data Science,1,1,BICT1101,End User Computing,1,NEW,49.92,55.43,44.11,68.14,5,0.0,0,54.51,PASS,HIGH,49.83,0.7326092262093886,1,1,5.660662505396343,46.112,63.492000000000004,48.192,43.592,3.0890791508150115,5,AT_RISK,0
ENR000097,BSDS020,Male,Bachelor of Science in Data Science,1,1,BICT1102,Introduction to Programming,1,NEW,45.01,52.25,36.06,58.44,5,0.0,0,35.09,FAIL,HIGH,44.497,0.7701915177632583,1,1,8.110036991284316,46.112,63.492000000000004,48.192,43.592,3.0890791508150115,5,AT_RISK,0
ENR000098,BSDS020,Male,Bachelor of Science in Data Science,1,1,BICT1103,Computer and Communication Technology,1,NEW,44.1,41.2,46.21,57.9,5,0.0,0,39.69,FAIL,HIGH,43.863,0.76165789954095,1,1,2.5153594839174236,46.112,63.492000000000004,48.192,43.592,3.0890791508150115,5,AT_RISK,0
ENR000099,BSDS020,Male,Bachelor of Science in Data Science,1,1,COMM1101,Communication Skills I,1,NEW,47.65,44.45,54.48,67.67,5,0.0,0,50.29,FAIL,HIGH,48.739,0.7041524007459138,1,1,5.12330947728126,46.112,63.492000000000004,48.192,43.592,3.0890791508150115,5,AT_RISK,0
ENR000100,BSDS020,Male,Bachelor of Science in Data Science,1,1,MATH1101,Precalculus,1,NEW,43.88,47.63,37.1,65.31,5,0.0,0,35.52,FAIL,HIGH,42.971000000000004,0.6718725046895567,1,1,5.337162167294527,46.112,63.492000000000004,48.192,43.592,3.0890791508150115,5,AT_RISK,0
ENR000101,BSDS021,Male,Bachelor of Science in Data Science,1,1,BICT1101,End User Computing,1,NEW,51.32,64.08,40.95,64.47,6,0.0,1,52.99,PASS,MEDIUM,52.037000000000006,0.7960290373772239,0,1,11.585561416406772,54.188,63.898,58.80800000000001,50.314,3.1314333299624955,0,AT_RISK,0
ENR000102,BSDS021,Male,Bachelor of Science in Data Science,1,1,BICT1102,Introduction to Programming,1,NEW,50.76,57.7,43.57,61.54,6,0.0,1,44.75,FAIL,MEDIUM,50.685,0.8248292452341167,0,1,7.0653685914701825,54.188,63.898,58.80800000000001,50.314,3.1314333299624955,0,AT_RISK,0
ENR000103,BSDS021,Male,Bachelor of Science in Data Science,1,1,BICT1103,Computer and Communication Technology,1,NEW,57.06,59.04,56.31,67.02,6,0.0,1,53.91,PASS,MEDIUM,57.429,0.8513875184441184,0,1,1.4104254677224157,54.188,63.898,58.80800000000001,50.314,3.1314333299624955,0,AT_RISK,0
ENR000104,BSDS021,Male,Bachelor of Science in Data Science,1,1,COMM1101,Communication Skills I,1,NEW,57.92,57.5,57.48,60.62,6,0.0,1,73.01,PASS,MEDIUM,57.662000000000006,0.955460086529184,0,1,0.24846193538112493,54.188,63.898,58.80800000000001,50.314,3.1314333299624955,0,AT_RISK,0
ENR000105,BSDS021,Male,Bachelor of Science in Data Science,1,1,MATH1101,Precalculus,1,NEW,53.88,55.72,53.26,65.84,6,0.0,1,37.66,FAIL,MEDIUM,54.245999999999995,0.818347384819656,0,1,1.2794269550596988,54.188,63.898,58.80800000000001,50.314,3.1314333299624955,0,AT_RISK,0
ENR000106,BSDS022,Male,Bachelor of Science in Data Science,1,1,BICT1101,End User Computing,1,NEW,35.55,30.49,39.62,35.5,6,0.0,0,35.45,FAIL,HIGH,35.253,1.0014081686174172,1,1,4.573937034984193,29.05,37.662,29.618000000000002,27.665999999999997,5.408524771136765,5,AT_RISK,0
ENR000107,BSDS022,Male,Bachelor of Science in Data Science,1,1,BICT1102,Introduction to Programming,1,NEW,23.61,20.99,23.92,40.22,6,0.0,0,12.5,FAIL,HIGH,22.917,0.5870212364442475,1,1,1.6096272860510301,29.05,37.662,29.618000000000002,27.665999999999997,5.408524771136765,5,AT_RISK,0
ENR000108,BSDS022,Male,Bachelor of Science in Data Science,1,1,BICT1103,Computer and Communication Technology,1,NEW,31.17,34.18,26.27,41.48,6,0.0,0,43.36,FAIL,HIGH,30.603,0.7514462990727341,1,1,3.992455384847776,29.05,37.662,29.618000000000002,27.665999999999997,5.408524771136765,5,AT_RISK,0
ENR000109,BSDS022,Male,Bachelor of Science in Data Science,1,1,COMM1101,Communication Skills I,1,NEW,31.03,32.38,32.23,37.63,6,0.0,0,39.54,FAIL,HIGH,31.795,0.8246078063758153,1,1,0.7399324293474365,29.05,37.662,29.618000000000002,27.665999999999997,5.408524771136765,5,AT_RISK,0
ENR000110,BSDS022,Male,Bachelor of Science in Data Science,1,1,MATH1101,Precalculus,1,NEW,23.89,30.05,16.29,33.48,6,0.0,0,19.57,FAIL,HIGH,23.458000000000002,0.7135601213978132,1,1,6.8925466991526445,29.05,37.662,29.618000000000002,27.665999999999997,5.408524771136765,5,AT_RISK,0
ENR000111,BSDS023,Male,Bachelor of Science in Data Science,1,1,BICT1101,End User Computing,1,NEW,75.53,73.74,76.18,81.86,5,0.0,0,80.9,PASS,LOW,75.188,0.9226727433822693,0,0,1.263605951236387,77.522,81.41,78.126,73.944,4.477140236802948,0,LOW,1
ENR000112,BSDS023,Male,Bachelor of Science in Data Science,1,1,BICT1102,Introduction to Programming,1,NEW,80.88,82.07,78.46,79.25,5,0.0,0,87.25,PASS,LOW,80.511,1.0205676945655906,0,0,1.8395923461462866,77.522,81.41,78.126,73.944,4.477140236802948,0,LOW,1
ENR000113,BSDS023,Male,Bachelor of Science in Data Science,1,1,BICT1103,Computer and Communication Technology,1,NEW,70.98,71.7,65.77,79.84,5,0.0,0,73.23,PASS,LOW,69.63300000000001,0.889027944761029,0,0,3.235928511777317,77.522,81.41,78.126,73.944,4.477140236802948,0,LOW,1
ENR000114,BSDS023,Male,Bachelor of Science in Data Science,1,1,COMM1101,Communication Skills I,1,NEW,82.47,80.33,77.27,82.72,5,0.0,0,84.21,PASS,LOW,80.268,0.9969776357618911,0,0,2.6135289042467735,77.522,81.41,78.126,73.944,4.477140236802948,0,LOW,1
ENR000115,BSDS023,Male,Bachelor of Science in Data Science,1,1,MATH1101,Precalculus,1,NEW,77.75,82.79,72.04,83.38,5,0.0,0,66.86,PASS,LOW,77.549,0.9324777005903454,0,0,5.378478719241467,77.522,81.41,78.126,73.944,4.477140236802948,0,LOW,1
ENR000116,BSDS024,Female,Bachelor of Science in Data Science,1,1,BICT1101,End User Computing,1,NEW,81.64,90.23,76.01,100.0,5,0.0,0,81.03,PASS,LOW,82.528,0.8163999183600081,0,0,7.161161451422061,75.36800000000001,95.30199999999999,80.752,69.78,4.985426230524334,0,LOW,1
ENR000117,BSDS024,Female,Bachelor of Science in Data Science,1,1,BICT1102,Introduction to Programming,1,NEW,75.94,86.86,60.43,97.52,5,0.0,0,68.5,PASS,LOW,74.56299999999999,0.7787119792132917,0,0,13.281261235289366,75.36800000000001,95.30199999999999,80.752,69.78,4.985426230524334,0,LOW,1
ENR000118,BSDS024,Female,Bachelor of Science in Data Science,1,1,BICT1103,Computer and Communication Technology,1,NEW,72.2,75.66,66.27,95.58,5,0.0,0,72.2,PASS,LOW,71.45899999999999,0.7553880774860768,0,0,4.748834944839981,75.36800000000001,95.30199999999999,80.752,69.78,4.985426230524334,0,LOW,1
ENR000119,BSDS024,Female,Bachelor of Science in Data Science,1,1,COMM1101,Communication Skills I,1,NEW,79.27,73.03,80.49,92.13,5,0.0,0,81.86,PASS,LOW,77.764,0.8604145381076155,0,0,4.001616340097249,75.36800000000001,95.30199999999999,80.752,69.78,4.985426230524334,0,LOW,1
ENR000120,BSDS024,Female,Bachelor of Science in Data Science,1,1,MATH1101,Precalculus,1,NEW,67.79,77.98,65.7,91.28,5,0.0,0,64.19,PASS,LOW,70.22000000000001,0.7426598660539148,0,0,6.570167425568393,75.36800000000001,95.30199999999999,80.752,69.78,4.985426230524334,0,LOW,1
ENR000121,BSDS025,Female,Bachelor of Science in Data Science,1,1,BICT1101,End User Computing,1,NEW,76.56,83.67,72.77,97.57,5,0.0,0,92.96,PASS,LOW,77.556,0.7846673378428475,0,0,5.533627502220705,71.56,92.324,74.47200000000001,71.332,6.059393509254867,0,LOW,1
ENR000122,BSDS025,Female,Bachelor of Science in Data Science,1,1,BICT1102,Introduction to Programming,1,NEW,70.5,75.61,64.8,90.41,5,0.0,0,65.92,PASS,LOW,70.32300000000001,0.7797809114278386,0,0,5.407682806279723,71.56,92.324,74.47200000000001,71.332,6.059393509254867,0,LOW,1
ENR000123,BSDS025,Female,Bachelor of Science in Data Science,1,1,BICT1103,Computer and Communication Technology,1,NEW,70.27,71.92,70.24,87.88,5,0.0,0,66.74,PASS,LOW,70.756,0.7996130177955145,0,0,0.9614052215377275,71.56,92.324,74.47200000000001,71.332,6.059393509254867,0,LOW,1
ENR000124,BSDS025,Female,Bachelor of Science in Data Science,1,1,COMM1101,Communication Skills I,1,NEW,76.69,74.33,87.01,90.6,5,0.0,0,90.23,PASS,LOW,79.078,0.8464678977408502,0,0,6.743569776708282,71.56,92.324,74.47200000000001,71.332,6.059393509254867,0,LOW,1
ENR000125,BSDS025,Female,Bachelor of Science in Data Science,1,1,MATH1101,Precalculus,1,NEW,63.78,66.83,61.84,95.16,5,0.0,0,52.89,PASS,LOW,64.113,0.6702395260361995,0,0,2.51549199958974,71.56,92.324,74.47200000000001,71.332,6.059393509254867,0,LOW,1
ENR000126,BSDS026,Female,Bachelor of Science in Data Science,1,1,BICT1101,End User Computing,1,NEW,41.93,40.71,40.98,49.24,7,0.0,0,35.6,FAIL,HIGH,41.279,0.8515432876638326,1,1,0.6408067831517807,33.39,41.044,36.842,29.79,6.337066931948883,5,AT_RISK,0
ENR000127,BSDS026,Female,Bachelor of Science in Data Science,1,1,BICT1102,Introduction to Programming,1,NEW,26.81,35.29,16.19,40.13,7,0.0,0,19.52,FAIL,HIGH,26.168,0.6680785776031453,1,1,9.56995994418646,33.39,41.044,36.842,29.79,6.337066931948883,5,AT_RISK,0
ENR000128,BSDS026,Female,Bachelor of Science in Data Science,1,1,BICT1103,Computer and Communication Technology,1,NEW,33.92,36.61,32.31,40.73,7,0.0,0,40.07,FAIL,HIGH,34.244,0.8328011704391922,1,1,2.1724870540465813,33.39,41.044,36.842,29.79,6.337066931948883,5,AT_RISK,0
ENR000129,BSDS026,Female,Bachelor of Science in Data Science,1,1,COMM1101,Communication Skills I,1,NEW,36.93,35.15,39.64,37.9,7,0.0,0,42.3,FAIL,HIGH,37.209,0.9744060753545974,1,1,2.2609953560323834,33.39,41.044,36.842,29.79,6.337066931948883,5,AT_RISK,0
ENR000130,BSDS026,Female,Bachelor of Science in Data Science,1,1,MATH1101,Precalculus,1,NEW,27.36,36.45,19.83,37.22,7,0.0,0,27.38,FAIL,HIGH,27.828000000000003,0.7350884645114281,1,1,8.322193220539885,33.39,41.044,36.842,29.79,6.337066931948883,5,AT_RISK,0
ENR000131,BSDS027,Male,Bachelor of Science in Data Science,1,1,BICT1101,End User Computing,1,NEW,66.74,69.61,58.61,71.32,4,0.0,0,52.27,PASS,MEDIUM,65.16199999999999,0.9357822580226783,0,0,5.7057544052766,66.05,77.72200000000001,70.866,61.024,2.6321833142849322,0,AT_RISK,0
ENR000132,BSDS027,Male,Bachelor of Science in Data Science,1,1,BICT1102,Introduction to Programming,1,NEW,65.43,72.19,60.31,84.34,4,0.0,0,64.18,PASS,LOW,65.922,0.7757883832359043,0,0,5.958836575484622,66.05,77.72200000000001,70.866,61.024,2.6321833142849322,0,LOW,1
ENR000133,BSDS027,Male,Bachelor of Science in Data Science,1,1,BICT1103,Computer and Communication Technology,1,NEW,70.43,74.23,66.19,77.4,4,0.0,0,66.67,PASS,LOW,70.298,0.9099482028490694,0,0,4.022006132930849,66.05,77.72200000000001,70.866,61.024,2.6321833142849322,0,LOW,1
ENR000134,BSDS027,Male,Bachelor of Science in Data Science,1,1,COMM1101,Communication Skills I,1,NEW,64.2,70.22,62.23,77.32,4,0.0,0,71.88,PASS,LOW,65.415,0.8303154642633906,0,0,4.162559308886782,66.05,77.72200000000001,70.866,61.024,2.6321833142849322,0,LOW,1
ENR000135,BSDS027,Male,Bachelor of Science in Data Science,1,1,MATH1101,Precalculus,1,NEW,63.45,68.08,57.78,78.23,4,0.0,0,54.99,PASS,LOW,63.138,0.8110698183472046,0,0,5.158743387040426,66.05,77.72200000000001,70.866,61.024,2.6321833142849322,0,LOW,1
ENR000136,BSDS028,Female,Bachelor of Science in Data Science,1,1,BICT1101,End User Computing,1,NEW,31.66,37.45,22.77,47.46,7,0.0,2,33.41,FAIL,HIGH,30.730000000000004,0.6670879336097906,1,1,7.39435144778319,32.918,48.838,34.926,30.78,4.09958583273969,5,AT_RISK,0
ENR000137,BSDS028,Female,Bachelor of Science in Data Science,1,1,BICT1102,Introduction to Programming,1,NEW,40.53,42.05,35.97,52.4,7,0.0,2,25.3,FAIL,HIGH,39.617999999999995,0.7734731348333712,1,1,3.1641323191885213,32.918,48.838,34.926,30.78,4.09958583273969,5,AT_RISK,0
ENR000138,BSDS028,Female,Bachelor of Science in Data Science,1,1,BICT1103,Computer and Communication Technology,1,NEW,32.16,31.86,30.9,46.25,7,0.0,2,27.84,FAIL,HIGH,31.692,0.6953512010051456,1,1,0.6581793068761728,32.918,48.838,34.926,30.78,4.09958583273969,5,AT_RISK,0
ENR000139,BSDS028,Female,Bachelor of Science in Data Science,1,1,COMM1101,Communication Skills I,1,NEW,32.15,33.26,35.25,52.12,7,0.0,2,32.04,FAIL,HIGH,33.413,0.6168456222475782,1,1,1.5706792585799736,32.918,48.838,34.926,30.78,4.09958583273969,5,AT_RISK,0
ENR000140,BSDS028,Female,Bachelor of Science in Data Science,1,1,MATH1101,Precalculus,1,NEW,28.09,30.01,29.01,45.96,7,0.0,2,40.95,FAIL,HIGH,28.942,0.6111835049644244,1,1,0.9602777376016457,32.918,48.838,34.926,30.78,4.09958583273969,5,AT_RISK,0
ENR000141,BSDS029,Female,Bachelor of Science in Data Science,1,1,BICT1101,End User Computing,1,NEW,76.51,80.16,72.49,83.68,5,0.0,0,91.38,PASS,LOW,76.399,0.914316334331222,0,0,3.8364871084539485,76.106,86.562,82.572,71.16799999999999,3.373653257227247,0,LOW,1
ENR000142,BSDS029,Female,Bachelor of Science in Data Science,1,1,BICT1102,Introduction to Programming,1,NEW,73.85,83.47,64.34,86.72,5,0.0,0,78.91,PASS,LOW,73.883,0.8515912302131883,0,0,9.565052709386043,76.106,86.562,82.572,71.16799999999999,3.373653257227247,0,LOW,1
ENR000143,BSDS029,Female,Bachelor of Science in Data Science,1,1,BICT1103,Computer and Communication Technology,1,NEW,81.36,86.04,78.38,84.6,5,0.0,0,83.59,PASS,LOW,81.87,0.9617020139832135,0,0,3.8613123848418915,76.106,86.562,82.572,71.16799999999999,3.373653257227247,0,LOW,1
ENR000144,BSDS029,Female,Bachelor of Science in Data Science,1,1,COMM1101,Communication Skills I,1,NEW,76.57,82.33,72.99,91.0,5,0.0,0,77.95,PASS,LOW,77.22399999999999,0.8414284789639033,0,0,4.712211087518613,76.106,86.562,82.572,71.16799999999999,3.373653257227247,0,LOW,1
ENR000145,BSDS029,Female,Bachelor of Science in Data Science,1,1,MATH1101,Precalculus,1,NEW,72.24,80.86,67.64,86.81,5,0.0,0,69.6,PASS,LOW,73.446,0.8321620974355376,0,0,6.711095290636246,76.106,86.562,82.572,71.16799999999999,3.373653257227247,0,LOW,1
ENR000146,BSDS030,Female,Bachelor of Science in Data Science,1,1,BICT1101,End User Computing,1,NEW,83.04,84.89,81.4,93.68,5,0.0,0,73.65,PASS,LOW,83.10300000000001,0.8864217670343971,0,0,1.7460526910720624,78.512,91.912,80.80799999999999,76.53200000000001,4.16402463969655,0,LOW,1
ENR000147,BSDS030,Female,Bachelor of Science in Data Science,1,1,BICT1102,Introduction to Programming,1,NEW,74.39,80.85,71.76,91.08,5,0.0,0,64.78,PASS,LOW,75.539,0.8167544118627128,0,0,4.67754565272572,78.512,91.912,80.80799999999999,76.53200000000001,4.16402463969655,0,LOW,1
ENR000148,BSDS030,Female,Bachelor of Science in Data Science,1,1,BICT1103,Computer and Communication Technology,1,NEW,80.64,80.48,80.72,93.57,5,0.0,0,81.14,PASS,LOW,80.616,0.8618145920899228,0,0,0.12220201853215314,78.512,91.912,80.80799999999999,76.53200000000001,4.16402463969655,0,LOW,1
ENR000149,BSDS030,Female,Bachelor of Science in Data Science,1,1,COMM1101,Communication Skills I,1,NEW,80.33,77.94,84.11,93.11,5,0.0,0,82.64,PASS,LOW,80.74699999999999,0.8627428995013533,0,0,3.1109859101791733,78.512,91.912,80.80799999999999,76.53200000000001,4.16402463969655,0,LOW,1
ENR000150,BSDS030,Female,Bachelor of Science in Data Science,1,1,MATH1101,Precalculus,1,NEW,74.16,79.88,64.67,88.12,5,0.0,0,62.34,PASS,LOW,73.029,0.8415795685906071,0,0,7.682475729433403,78.512,91.912,80.80799999999999,76.53200000000001,4.16402463969655,0,LOW,1
ENR000151,BSDS031,Male,Bachelor of Science in Data Science,1,1,BICT1101,End User Computing,1,NEW,75.49,76.29,79.15,89.15,5,0.0,0,79.56,PASS,LOW,76.828,0.8467750031660118,0,0,1.924196802131567,71.39200000000001,85.85,72.878,70.902,4.451334934601074,0,LOW,1
ENR000152,BSDS031,Male,Bachelor of Science in Data Science,1,1,BICT1102,Introduction to Programming,1,NEW,72.15,74.94,70.91,86.92,5,0.0,0,77.71,PASS,LOW,72.61500000000001,0.8300735354264226,0,0,2.0640817167286114,71.39200000000001,85.85,72.878,70.902,4.451334934601074,0,LOW,1
ENR000153,BSDS031,Male,Bachelor of Science in Data Science,1,1,BICT1103,Computer and Communication Technology,1,NEW,74.01,74.68,68.97,92.56,5,0.0,0,82.83,PASS,LOW,72.699,0.7995893691022722,0,0,3.1212871276659824,71.39200000000001,85.85,72.878,70.902,4.451334934601074,0,LOW,1
ENR000154,BSDS031,Male,Bachelor of Science in Data Science,1,1,COMM1101,Communication Skills I,1,NEW,70.55,70.45,74.69,81.27,5,0.0,0,69.85,PASS,LOW,71.762,0.8680939008128582,0,0,2.4196142943315007,71.39200000000001,85.85,72.878,70.902,4.451334934601074,0,LOW,1
ENR000155,BSDS031,Male,Bachelor of Science in Data Science,1,1,MATH1101,Precalculus,1,NEW,64.76,68.03,60.79,79.35,5,0.0,0,69.33,PASS,LOW,64.55000000000001,0.8161309620502885,0,0,3.625635576465641,71.39200000000001,85.85,72.878,70.902,4.451334934601074,0,LOW,1
ENR000156,BSDS032,Female,Bachelor of Science in Data Science,1,1,BICT1101,End User Computing,1,NEW,52.44,53.78,54.47,72.07,5,0.0,1,57.31,PASS,MEDIUM,53.45099999999999,0.7276258182841934,0,0,1.032198301361388,50.658,74.102,54.19199999999999,45.498000000000005,3.7736393176878966,2,AT_RISK,0
ENR000157,BSDS032,Female,Bachelor of Science in Data Science,1,1,BICT1102,Introduction to Programming,1,NEW,54.42,57.02,44.46,73.59,5,0.0,1,45.52,FAIL,MEDIUM,52.212,0.7395025493270078,0,0,6.629670680609509,50.658,74.102,54.19199999999999,45.498000000000005,3.7736393176878966,2,AT_RISK,0
ENR000158,BSDS032,Female,Bachelor of Science in Data Science,1,1,BICT1103,Computer and Communication Technology,1,NEW,46.69,50.47,44.83,70.8,5,0.0,1,54.68,PASS,MEDIUM,47.266,0.6594631836916407,1,0,2.8739519828974185,50.658,74.102,54.19199999999999,45.498000000000005,3.7736393176878966,2,AT_RISK,0
ENR000159,BSDS032,Female,Bachelor of Science in Data Science,1,1,COMM1101,Communication Skills I,1,NEW,53.3,53.46,51.73,78.6,5,0.0,1,54.55,PASS,MEDIUM,52.876999999999995,0.6781169620716333,0,0,0.9559811713627014,50.658,74.102,54.19199999999999,45.498000000000005,3.7736393176878966,2,AT_RISK,0
ENR000160,BSDS032,Female,Bachelor of Science in Data Science,1,1,MATH1101,Precalculus,1,NEW,46.44,56.23,32.0,75.45,5,0.0,1,50.78,FAIL,MEDIUM,45.045,0.615506876672382,1,0,12.189138607793414,50.658,74.102,54.19199999999999,45.498000000000005,3.7736393176878966,2,AT_RISK,0
ENR000161,BSDS033,Female,Bachelor of Science in Data Science,1,1,BICT1101,End User Computing,1,NEW,58.02,55.16,54.84,67.2,6,0.0,1,56.92,PASS,MEDIUM,56.208,0.8633927286617963,0,1,1.7509235658170057,51.738,65.28,51.14,49.362,6.135614207233047,1,AT_RISK,0
ENR000162,BSDS033,Female,Bachelor of Science in Data Science,1,1,BICT1102,Introduction to Programming,1,NEW,41.3,45.07,37.64,62.87,6,0.0,1,49.13,FAIL,HIGH,41.333,0.6569109818815043,1,1,3.715135708602491,51.738,65.28,51.14,49.362,6.135614207233047,1,AT_RISK,0
ENR000163,BSDS033,Female,Bachelor of Science in Data Science,1,1,BICT1103,Computer and Communication Technology,1,NEW,52.6,53.48,48.15,63.99,6,0.0,1,66.56,PASS,MEDIUM,51.528999999999996,0.8220033095791046,0,1,2.857323922834091,51.738,65.28,51.14,49.362,6.135614207233047,1,AT_RISK,0
ENR000164,BSDS033,Female,Bachelor of Science in Data Science,1,1,COMM1101,Communication Skills I,1,NEW,56.72,49.89,61.5,63.94,6,0.0,1,72.46,PASS,MEDIUM,56.105000000000004,0.8870815003000468,0,1,5.835086403244885,51.738,65.28,51.14,49.362,6.135614207233047,1,AT_RISK,0
ENR000165,BSDS033,Female,Bachelor of Science in Data Science,1,1,MATH1101,Precalculus,1,NEW,50.05,52.1,44.68,68.4,6,0.0,1,50.2,PASS,MEDIUM,49.054,0.7317250392214854,0,1,3.8317924439266458,51.738,65.28,51.14,49.362,6.135614207233047,1,AT_RISK,0
ENR000166,BSDS034,Male,Bachelor of Science in Data Science,1,1,BICT1101,End User Computing,2,RETURNING,48.59,52.09,45.6,62.14,5,0.0,2,49.93,FAIL,HIGH,48.743,0.7819438715893351,1,1,3.248338036596562,43.654,62.16799999999999,48.008,39.958000000000006,5.254436154336639,4,AT_RISK,0
ENR000167,BSDS034,Male,Bachelor of Science in Data Science,1,1,BICT1102,Introduction to Programming,2,RETURNING,37.96,41.14,35.95,62.29,5,0.0,2,35.96,FAIL,HIGH,38.311,0.6094075117342251,1,1,2.6168874641451425,43.654,62.16799999999999,48.008,39.958000000000006,5.254436154336639,4,AT_RISK,0
ENR000168,BSDS034,Male,Bachelor of Science in Data Science,1,1,BICT1103,Computer and Communication Technology,2,RETURNING,41.14,46.28,40.08,62.58,5,0.0,2,46.44,FAIL,HIGH,42.364,0.6573984248324665,1,1,3.316202647607653,43.654,62.16799999999999,48.008,39.958000000000006,5.254436154336639,4,AT_RISK,0
ENR000169,BSDS034,Male,Bachelor of Science in Data Science,1,1,COMM1101,Communication Skills I,2,RETURNING,50.18,55.26,44.45,60.05,5,0.0,2,53.44,PASS,MEDIUM,49.985,0.8356368300354987,0,1,5.408256034373124,43.654,62.16799999999999,48.008,39.958000000000006,5.254436154336639,4,AT_RISK,0
ENR000170,BSDS034,Male,Bachelor of Science in Data Science,1,1,MATH1101,Precalculus,2,RETURNING,40.4,45.27,33.71,63.78,5,0.0,2,36.85,FAIL,HIGH,39.854,0.6334273073961575,1,1,5.8038291957408035,43.654,62.16799999999999,48.008,39.958000000000006,5.254436154336639,4,AT_RISK,0
ENR000171,BSDS035,Female,Bachelor of Science in Data Science,1,1,BICT1101,End User Computing,1,NEW,34.58,34.34,36.92,55.65,6,0.0,0,44.56,FAIL,HIGH,35.21,0.6213835361395262,1,1,1.425342064207747,34.472,49.13,37.336,32.322,2.4091018450866697,5,AT_RISK,0
ENR000172,BSDS035,Female,Bachelor of Science in Data Science,1,1,BICT1102,Introduction to Programming,1,NEW,33.02,33.04,28.31,45.27,6,0.0,0,28.44,FAIL,HIGH,31.613,0.7294012084379924,1,1,2.72511161850911,34.472,49.13,37.336,32.322,2.4091018450866697,5,AT_RISK,0
ENR000173,BSDS035,Female,Bachelor of Science in Data Science,1,1,BICT1103,Computer and Communication Technology,1,NEW,32.07,46.6,24.13,49.14,6,0.0,0,33.03,FAIL,HIGH,34.047,0.6526250198158282,1,1,11.394921383376603,34.472,49.13,37.336,32.322,2.4091018450866697,5,AT_RISK,0
ENR000174,BSDS035,Female,Bachelor of Science in Data Science,1,1,COMM1101,Communication Skills I,1,NEW,38.5,32.16,44.11,49.35,6,0.0,0,40.38,FAIL,HIGH,38.281,0.7801416858882094,1,1,5.978715023592724,34.472,49.13,37.336,32.322,2.4091018450866697,5,AT_RISK,0
ENR000175,BSDS035,Female,Bachelor of Science in Data Science,1,1,MATH1101,Precalculus,1,NEW,34.19,40.54,28.14,46.24,6,0.0,0,39.66,FAIL,HIGH,34.28,0.7394029542813679,1,1,6.200604809210146,34.472,49.13,37.336,32.322,2.4091018450866697,5,AT_RISK,0
ENR000176,BSDS036,Female,Bachelor of Science in Data Science,1,1,BICT1101,End User Computing,1,NEW,65.47,65.56,66.11,74.08,5,0.0,0,68.64,PASS,MEDIUM,65.689,0.8837741787561854,0,0,0.3464582706955241,66.288,77.25399999999999,69.53999999999999,61.186,4.698696680995698,0,AT_RISK,0
ENR000177,BSDS036,Female,Bachelor of Science in Data Science,1,1,BICT1102,Introduction to Programming,1,NEW,65.64,72.23,55.7,71.84,5,0.0,0,61.34,PASS,MEDIUM,64.635,0.9136969774920688,0,0,8.32138409961548,66.288,77.25399999999999,69.53999999999999,61.186,4.698696680995698,0,AT_RISK,0
ENR000178,BSDS036,Female,Bachelor of Science in Data Science,1,1,BICT1103,Computer and Communication Technology,1,NEW,69.21,70.25,66.25,78.67,5,0.0,0,76.25,PASS,LOW,68.634,0.8797507461865073,0,0,2.0753794833716546,66.288,77.25399999999999,69.53999999999999,61.186,4.698696680995698,0,LOW,1
ENR000179,BSDS036,Female,Bachelor of Science in Data Science,1,1,COMM1101,Communication Skills I,1,NEW,72.36,70.58,69.82,77.63,5,0.0,0,70.57,PASS,LOW,71.064,0.9321137534311795,0,0,1.303687079018584,66.288,77.25399999999999,69.53999999999999,61.186,4.698696680995698,0,LOW,1
ENR000180,BSDS036,Female,Bachelor of Science in Data Science,1,1,MATH1101,Precalculus,1,NEW,58.76,69.08,48.05,84.05,5,0.0,0,48.99,PASS,LOW,58.643,0.6991075908259856,0,0,10.515602693141274,66.288,77.25399999999999,69.53999999999999,61.186,4.698696680995698,0,LOW,1
ENR000181,BSDS037,Male,Bachelor of Science in Data Science,1,1,BICT1101,End User Computing,1,NEW,29.99,30.46,36.8,43.65,6,0.0,2,23.9,FAIL,HIGH,32.174,0.6870559708921028,1,1,3.8033450189712377,37.488,44.902,38.007999999999996,38.242000000000004,3.545252699032889,5,AT_RISK,0
ENR000182,BSDS037,Male,Bachelor of Science in Data Science,1,1,BICT1102,Introduction to Programming,1,NEW,38.83,45.52,35.03,48.47,6,0.0,2,34.37,FAIL,HIGH,39.697,0.8011139259100627,1,1,5.310935259757301,37.488,44.902,38.007999999999996,38.242000000000004,3.545252699032889,5,AT_RISK,0
ENR000183,BSDS037,Male,Bachelor of Science in Data Science,1,1,BICT1103,Computer and Communication Technology,1,NEW,42.12,34.73,46.89,45.42,6,0.0,2,41.56,FAIL,HIGH,41.333999999999996,0.9273445778633689,1,1,6.126861621852852,37.488,44.902,38.007999999999996,38.242000000000004,3.545252699032889,5,AT_RISK,0
ENR000184,BSDS037,Male,Bachelor of Science in Data Science,1,1,COMM1101,Communication Skills I,1,NEW,36.75,41.61,32.64,45.54,6,0.0,2,34.81,FAIL,HIGH,36.975,0.8069826949972123,1,1,4.4902227116257825,37.488,44.902,38.007999999999996,38.242000000000004,3.545252699032889,5,AT_RISK,0
ENR000185,BSDS037,Male,Bachelor of Science in Data Science,1,1,MATH1101,Precalculus,1,NEW,39.75,37.72,39.85,41.43,6,0.0,2,31.52,FAIL,HIGH,39.171,0.959449442565908,1,1,1.2019290051135867,37.488,44.902,38.007999999999996,38.242000000000004,3.545252699032889,5,AT_RISK,0
ENR000186,BSDS038,Male,Bachelor of Science in Data Science,1,1,BICT1101,End User Computing,2,RETURNING,43.34,46.18,38.39,63.49,6,0.0,2,46.23,FAIL,HIGH,42.707,0.6826270778662659,1,1,3.942338561480144,45.004000000000005,60.42999999999999,47.072,40.504000000000005,1.5251451734179267,5,AT_RISK,0
ENR000187,BSDS038,Male,Bachelor of Science in Data Science,1,1,BICT1102,Introduction to Programming,2,RETURNING,43.98,49.02,40.55,63.38,6,0.0,2,48.8,FAIL,HIGH,44.462999999999994,0.6939096412259953,1,1,4.260426426231693,45.004000000000005,60.42999999999999,47.072,40.504000000000005,1.5251451734179267,5,AT_RISK,0
ENR000188,BSDS038,Male,Bachelor of Science in Data Science,1,1,BICT1103,Computer and Communication Technology,2,RETURNING,48.0,55.24,35.56,60.59,6,0.0,2,45.72,FAIL,HIGH,46.44,0.7922098048836763,1,1,9.953840129986684,45.004000000000005,60.42999999999999,47.072,40.504000000000005,1.5251451734179267,5,AT_RISK,0
ENR000189,BSDS038,Male,Bachelor of Science in Data Science,1,1,COMM1101,Communication Skills I,2,RETURNING,43.31,41.26,44.09,57.19,6,0.0,2,50.57,FAIL,HIGH,42.929,0.7573000948941957,1,1,1.4617227279252867,45.004000000000005,60.42999999999999,47.072,40.504000000000005,1.5251451734179267,5,AT_RISK,0
ENR000190,BSDS038,Male,Bachelor of Science in Data Science,1,1,MATH1101,Precalculus,2,RETURNING,46.39,43.66,43.93,57.5,6,0.0,2,44.38,FAIL,HIGH,44.833,0.8067824683856576,1,1,1.5042938542718323,45.004000000000005,60.42999999999999,47.072,40.504000000000005,1.5251451734179267,5,AT_RISK,0
ENR000191,BSDS039,Male,Bachelor of Science in Data Science,1,1,BICT1101,End User Computing,1,NEW,69.52,71.28,72.77,89.17,5,0.0,0,74.86,PASS,LOW,71.023,0.7796343187580667,0,0,1.6268681569199148,75.46,89.06,77.1,75.2,4.436220463412523,0,LOW,1
ENR000192,BSDS039,Male,Bachelor of Science in Data Science,1,1,BICT1102,Introduction to Programming,1,NEW,73.07,74.02,75.78,89.31,5,0.0,0,62.72,PASS,LOW,74.16799999999999,0.8181613684737018,0,0,1.375027272456809,75.46,89.06,77.1,75.2,4.436220463412523,0,LOW,1
ENR000193,BSDS039,Male,Bachelor of Science in Data Science,1,1,BICT1103,Computer and Communication Technology,1,NEW,80.91,81.08,82.11,87.62,5,0.0,0,87.41,PASS,LOW,81.321,0.9234192052705767,0,0,0.649332991101896,75.46,89.06,77.1,75.2,4.436220463412523,0,LOW,1
ENR000194,BSDS039,Male,Bachelor of Science in Data Science,1,1,COMM1101,Communication Skills I,1,NEW,80.33,74.62,84.09,86.57,5,0.0,0,75.13,PASS,LOW,79.74499999999999,0.9279194954465179,0,0,4.768343527893098,75.46,89.06,77.1,75.2,4.436220463412523,0,LOW,1
ENR000195,BSDS039,Male,Bachelor of Science in Data Science,1,1,MATH1101,Precalculus,1,NEW,73.47,84.5,61.25,92.63,5,0.0,0,69.68,PASS,LOW,73.113,0.7931554795254799,0,0,11.630074519681004,75.46,89.06,77.1,75.2,4.436220463412523,0,LOW,1
ENR000196,BSDS040,Male,Bachelor of Science in Data Science,1,1,BICT1101,End User Computing,1,NEW,58.13,54.35,60.28,62.56,5,0.0,1,56.99,PASS,MEDIUM,57.641,0.9291878310121753,0,1,3.0021048171796623,51.576,64.0,49.734,54.286,6.005537428074193,2,AT_RISK,0
ENR000197,BSDS040,Male,Bachelor of Science in Data Science,1,1,BICT1102,Introduction to Programming,1,NEW,45.16,42.26,53.29,68.34,5,0.0,1,43.74,FAIL,HIGH,46.729,0.66081348246803,1,1,5.7179221167600165,51.576,64.0,49.734,54.286,6.005537428074193,2,AT_RISK,0
ENR000198,BSDS040,Male,Bachelor of Science in Data Science,1,1,BICT1103,Computer and Communication Technology,1,NEW,51.91,47.38,57.85,60.77,5,0.0,1,55.66,PASS,MEDIUM,52.333,0.8542042365963078,0,1,5.250799939056905,51.576,64.0,49.734,54.286,6.005537428074193,2,AT_RISK,0
ENR000199,BSDS040,Male,Bachelor of Science in Data Science,1,1,COMM1101,Communication Skills I,1,NEW,56.55,57.74,59.2,65.06,5,0.0,1,66.67,PASS,MEDIUM,57.702,0.8691975300956761,0,1,1.3272904731067754,51.576,64.0,49.734,54.286,6.005537428074193,2,AT_RISK,0
ENR000200,BSDS040,Male,Bachelor of Science in Data Science,1,1,MATH1101,Precalculus,1,NEW,46.13,46.94,40.81,63.27,5,0.0,1,46.35,FAIL,HIGH,44.777,0.7290974033353242,1,1,3.330050049673927,51.576,64.0,49.734,54.286,6.005537428074193,2,AT_RISK,0
ENR000201,BSSE001,Female,Bachelor of Science in Software Engineering,1,1,SE1101,Fundamentals of Software Engineering,1,NEW,76.94,82.63,69.97,82.62,5,0.0,0,80.1,PASS,LOW,76.556,0.9312514002358507,0,0,6.3407754520510595,73.09400000000001,84.492,75.546,70.50399999999999,4.280496443171049,0,LOW,1
ENR000202,BSSE001,Female,Bachelor of Science in Software Engineering,1,1,BICT1102,Introduction to Programming,1,NEW,66.73,71.73,61.95,84.86,5,0.0,0,62.89,PASS,LOW,66.796,0.7863539021501412,0,0,4.890412388882285,73.09400000000001,84.492,75.546,70.50399999999999,4.280496443171049,0,LOW,1
ENR000203,BSSE001,Female,Bachelor of Science in Software Engineering,1,1,MATH1102,Discrete Mathematics,1,NEW,70.32,73.97,66.92,86.81,5,0.0,0,66.92,PASS,LOW,70.395,0.810044832387417,0,0,3.525738693285894,73.09400000000001,84.492,75.546,70.50399999999999,4.280496443171049,0,LOW,1
ENR000204,BSSE001,Female,Bachelor of Science in Software Engineering,1,1,COMM1101,Communication Skills I,1,NEW,76.95,74.48,76.42,75.91,5,0.0,0,61.81,PASS,LOW,76.05000000000001,1.013700301185575,0,0,1.300346107772849,73.09400000000001,84.492,75.546,70.50399999999999,4.280496443171049,0,LOW,1
ENR000205,BSSE001,Female,Bachelor of Science in Software Engineering,1,1,BICT1103,Computer and Communication Technology,1,NEW,74.53,74.92,77.26,92.26,5,0.0,0,79.8,PASS,LOW,75.46600000000001,0.8078256223904593,0,0,1.4765161699080733,73.09400000000001,84.492,75.546,70.50399999999999,4.280496443171049,0,LOW,1
ENR000206,BSSE002,Female,Bachelor of Science in Software Engineering,1,1,SE1101,Fundamentals of Software Engineering,1,NEW,69.64,70.46,66.22,89.91,5,0.0,0,72.12,PASS,LOW,68.86,0.7745522439603777,0,0,2.248940491283246,70.614,86.318,70.61,69.232,1.1774326732344442,0,LOW,1
ENR000207,BSSE002,Female,Bachelor of Science in Software Engineering,1,1,BICT1102,Introduction to Programming,1,NEW,71.76,70.77,72.92,82.86,5,0.0,0,70.42,PASS,LOW,71.811,0.8660389975815838,0,0,1.0761195720426886,70.614,86.318,70.61,69.232,1.1774326732344442,0,LOW,1
ENR000208,BSSE002,Female,Bachelor of Science in Software Engineering,1,1,MATH1102,Discrete Mathematics,1,NEW,71.5,75.73,65.34,86.46,5,0.0,0,59.79,PASS,LOW,70.92099999999999,0.8269719145301972,0,0,5.224790266923002,70.614,86.318,70.61,69.232,1.1774326732344442,0,LOW,1
ENR000209,BSSE002,Female,Bachelor of Science in Software Engineering,1,1,COMM1101,Communication Skills I,1,NEW,68.76,65.29,74.5,88.79,5,0.0,0,74.6,PASS,LOW,69.441,0.7744114456119556,0,0,4.651390473109444,70.614,86.318,70.61,69.232,1.1774326732344442,0,LOW,1
ENR000210,BSSE002,Female,Bachelor of Science in Software Engineering,1,1,BICT1103,Computer and Communication Technology,1,NEW,71.41,70.8,67.18,83.57,5,0.0,0,73.08,PASS,LOW,69.958,0.8544931369518802,0,0,2.2865330378836224,70.614,86.318,70.61,69.232,1.1774326732344442,0,LOW,1
ENR000211,BSSE003,Male,Bachelor of Science in Software Engineering,1,1,SE1101,Fundamentals of Software Engineering,1,NEW,74.13,71.48,74.68,96.54,4,0.0,0,73.25,PASS,LOW,73.5,0.7678681616047066,0,0,1.7109938632268666,73.426,90.686,74.364,71.894,4.7005839743589295,0,LOW,1
ENR000212,BSSE003,Male,Bachelor of Science in Software Engineering,1,1,BICT1102,Introduction to Programming,1,NEW,71.8,77.13,67.0,97.29,4,0.0,0,69.0,PASS,LOW,71.95899999999999,0.7379997185733663,0,0,5.06731026614054,73.426,90.686,74.364,71.894,4.7005839743589295,0,LOW,1
ENR000213,BSSE003,Male,Bachelor of Science in Software Engineering,1,1,MATH1102,Discrete Mathematics,1,NEW,68.75,67.22,72.83,87.4,4,0.0,0,61.39,PASS,LOW,69.515,0.7866131823097045,0,0,2.899982758569436,73.426,90.686,74.364,71.894,4.7005839743589295,0,LOW,1
ENR000214,BSSE003,Male,Bachelor of Science in Software Engineering,1,1,COMM1101,Communication Skills I,1,NEW,71.57,69.74,68.48,83.17,4,0.0,0,80.37,PASS,LOW,70.094,0.8605265287331334,0,0,1.5537374295549373,73.426,90.686,74.364,71.894,4.7005839743589295,0,LOW,1
ENR000215,BSSE003,Male,Bachelor of Science in Software Engineering,1,1,BICT1103,Computer and Communication Technology,1,NEW,80.88,86.25,76.48,89.03,4,0.0,0,64.38,PASS,LOW,81.17099999999999,0.908457721166155,0,0,4.893018836396741,73.426,90.686,74.364,71.894,4.7005839743589295,0,LOW,1
ENR000216,BSSE004,Male,Bachelor of Science in Software Engineering,1,1,SE1101,Fundamentals of Software Engineering,1,NEW,93.0,85.99,95.85,71.08,5,0.0,0,93.54,PASS,MEDIUM,91.752,1.308384734329666,0,0,5.074153459773693,83.898,74.724,81.17999999999999,86.388,5.761941886204687,0,AT_RISK,0
ENR000217,BSSE004,Male,Bachelor of Science in Software Engineering,1,1,BICT1102,Introduction to Programming,1,NEW,85.84,88.28,82.56,80.04,5,0.0,0,80.9,PASS,LOW,85.58800000000001,1.0724636341249831,0,0,2.8702613121456375,83.898,74.724,81.17999999999999,86.388,5.761941886204687,0,LOW,1
ENR000218,BSSE004,Male,Bachelor of Science in Software Engineering,1,1,MATH1102,Discrete Mathematics,1,NEW,74.52,79.32,74.79,77.41,5,0.0,0,69.8,PASS,LOW,76.041,0.9626661978211861,0,0,2.696720230205569,83.898,74.724,81.17999999999999,86.388,5.761941886204687,0,LOW,1
ENR000219,BSSE004,Male,Bachelor of Science in Software Engineering,1,1,COMM1101,Communication Skills I,1,NEW,85.63,76.28,90.82,73.71,5,0.0,0,94.01,PASS,MEDIUM,84.382,1.1617146707753805,0,0,7.368516359032752,83.898,74.724,81.17999999999999,86.388,5.761941886204687,0,AT_RISK,0
ENR000220,BSSE004,Male,Bachelor of Science in Software Engineering,1,1,BICT1103,Computer and Communication Technology,1,NEW,80.5,76.03,87.92,71.38,5,0.0,0,79.47,PASS,MEDIUM,81.385,1.1277667234846283,0,0,6.005683419339829,83.898,74.724,81.17999999999999,86.388,5.761941886204687,0,AT_RISK,0
ENR000221,BSSE005,Male,Bachelor of Science in Software Engineering,1,1,SE1101,Fundamentals of Software Engineering,2,RETURNING,32.37,32.19,31.6,43.64,6,0.0,0,22.21,FAIL,HIGH,32.085,0.7417505174723836,1,1,0.40278199231511275,34.396,42.794,35.382,33.064,2.1008257186163726,5,AT_RISK,0
ENR000222,BSSE005,Male,Bachelor of Science in Software Engineering,1,1,BICT1102,Introduction to Programming,2,RETURNING,36.84,39.23,33.79,44.98,6,0.0,0,40.92,FAIL,HIGH,36.641999999999996,0.8190304982146515,1,1,2.726664629176092,34.396,42.794,35.382,33.064,2.1008257186163726,5,AT_RISK,0
ENR000223,BSSE005,Male,Bachelor of Science in Software Engineering,1,1,MATH1102,Discrete Mathematics,2,RETURNING,34.16,36.74,29.95,43.72,6,0.0,0,29.65,FAIL,HIGH,33.671,0.7813355943880158,1,1,3.4274528929415413,34.396,42.794,35.382,33.064,2.1008257186163726,5,AT_RISK,0
ENR000224,BSSE005,Male,Bachelor of Science in Software Engineering,1,1,COMM1101,Communication Skills I,2,RETURNING,35.11,35.25,39.17,43.38,6,0.0,0,50.15,FAIL,HIGH,36.370000000000005,0.8093589651085833,1,1,2.304690868641607,34.396,42.794,35.382,33.064,2.1008257186163726,5,AT_RISK,0
ENR000225,BSSE005,Male,Bachelor of Science in Software Engineering,1,1,BICT1103,Computer and Communication Technology,2,RETURNING,33.5,33.5,30.81,38.25,6,0.0,0,30.4,FAIL,HIGH,32.693,0.8758167644923491,1,1,1.553072224120094,34.396,42.794,35.382,33.064,2.1008257186163726,5,AT_RISK,0
ENR000226,BSSE006,Female,Bachelor of Science in Software Engineering,1,1,SE1101,Fundamentals of Software Engineering,1,NEW,59.13,54.38,67.45,65.75,5,0.0,1,62.65,PASS,MEDIUM,60.201,0.8993154525755965,0,1,6.615761483004054,60.74400000000001,64.732,61.89,59.968,3.8056680753843994,0,AT_RISK,0
ENR000227,BSSE006,Female,Bachelor of Science in Software Engineering,1,1,BICT1102,Introduction to Programming,1,NEW,54.74,61.12,48.75,67.17,5,0.0,1,50.45,PASS,MEDIUM,54.857,0.8149470276988198,0,1,6.186024571564518,60.74400000000001,64.732,61.89,59.968,3.8056680753843994,0,AT_RISK,0
ENR000228,BSSE006,Female,Bachelor of Science in Software Engineering,1,1,MATH1102,Discrete Mathematics,1,NEW,61.3,62.78,61.5,64.04,5,0.0,1,48.92,PASS,MEDIUM,61.804,0.9572140916280305,0,1,0.8029943959953909,60.74400000000001,64.732,61.89,59.968,3.8056680753843994,0,AT_RISK,0
ENR000229,BSSE006,Female,Bachelor of Science in Software Engineering,1,1,COMM1101,Communication Skills I,1,NEW,66.66,70.94,57.46,64.28,5,0.0,1,76.23,PASS,MEDIUM,65.184,1.0370253520495718,0,1,6.888018583017904,60.74400000000001,64.732,61.89,59.968,3.8056680753843994,0,AT_RISK,0
ENR000230,BSSE006,Female,Bachelor of Science in Software Engineering,1,1,BICT1103,Computer and Communication Technology,1,NEW,61.89,60.23,64.68,62.42,5,0.0,1,60.56,PASS,MEDIUM,62.229,0.9915089728438043,0,1,2.248784857057997,60.74400000000001,64.732,61.89,59.968,3.8056680753843994,0,AT_RISK,0
ENR000231,BSSE007,Female,Bachelor of Science in Software Engineering,1,1,SE1101,Fundamentals of Software Engineering,1,NEW,63.13,63.15,65.43,77.31,4,0.0,0,65.14,PASS,LOW,63.826,0.8165824839500085,0,0,1.3221699336066233,66.78,79.22,66.978,68.21000000000001,4.118989596976431,0,LOW,1
ENR000232,BSSE007,Female,Bachelor of Science in Software Engineering,1,1,BICT1102,Introduction to Programming,1,NEW,64.09,69.65,64.5,73.69,4,0.0,0,63.41,PASS,MEDIUM,65.881,0.8697244036199752,0,0,3.0984996369210718,66.78,79.22,66.978,68.21000000000001,4.118989596976431,0,AT_RISK,0
ENR000233,BSSE007,Female,Bachelor of Science in Software Engineering,1,1,MATH1102,Discrete Mathematics,1,NEW,68.93,65.85,70.76,84.82,4,0.0,0,62.34,PASS,LOW,68.555,0.8126620121832102,0,0,2.48137730571821,66.78,79.22,66.978,68.21000000000001,4.118989596976431,0,LOW,1
ENR000234,BSSE007,Female,Bachelor of Science in Software Engineering,1,1,COMM1101,Communication Skills I,1,NEW,74.33,72.89,74.15,79.69,4,0.0,0,71.79,PASS,LOW,73.84400000000001,0.932739247993569,0,0,0.7846018098373216,66.78,79.22,66.978,68.21000000000001,4.118989596976431,0,LOW,1
ENR000235,BSSE007,Female,Bachelor of Science in Software Engineering,1,1,BICT1103,Computer and Communication Technology,1,NEW,63.42,63.35,66.21,80.59,4,0.0,0,60.56,PASS,LOW,64.23599999999999,0.7869461736014178,0,0,1.6313900003779962,66.78,79.22,66.978,68.21000000000001,4.118989596976431,0,LOW,1
ENR000236,BSSE008,Male,Bachelor of Science in Software Engineering,1,1,SE1101,Fundamentals of Software Engineering,2,RETURNING,42.47,41.61,39.68,60.08,6,0.0,1,42.74,FAIL,HIGH,41.375,0.7068906945920947,1,1,1.4287873646324467,44.222,60.386,47.694,41.922000000000004,3.1385887433685893,5,AT_RISK,0
ENR000237,BSSE008,Male,Bachelor of Science in Software Engineering,1,1,BICT1102,Introduction to Programming,2,RETURNING,44.8,51.44,39.1,66.92,6,0.0,1,42.1,FAIL,HIGH,45.081999999999994,0.6694559669073569,1,1,6.175964162244897,44.222,60.386,47.694,41.922000000000004,3.1385887433685893,5,AT_RISK,0
ENR000238,BSSE008,Male,Bachelor of Science in Software Engineering,1,1,MATH1102,Discrete Mathematics,2,RETURNING,43.95,49.55,40.71,57.03,6,0.0,1,31.8,FAIL,HIGH,44.658,0.770646892749975,1,1,4.47219558308146,44.222,60.386,47.694,41.922000000000004,3.1385887433685893,5,AT_RISK,0
ENR000239,BSSE008,Male,Bachelor of Science in Software Engineering,1,1,COMM1101,Communication Skills I,2,RETURNING,40.37,46.19,41.0,50.29,6,0.0,1,46.38,FAIL,HIGH,42.305,0.8027439246880245,1,1,3.1938847818917946,44.222,60.386,47.694,41.922000000000004,3.1385887433685893,5,AT_RISK,0
ENR000240,BSSE008,Male,Bachelor of Science in Software Engineering,1,1,BICT1103,Computer and Communication Technology,2,RETURNING,49.52,49.68,49.12,67.61,6,0.0,1,49.62,FAIL,HIGH,49.44800000000001,0.7324359218405677,1,1,0.28844410203712084,44.222,60.386,47.694,41.922000000000004,3.1385887433685893,5,AT_RISK,0
ENR000241,BSSE009,Female,Bachelor of Science in Software Engineering,1,1,SE1101,Fundamentals of Software Engineering,1,NEW,56.26,59.83,49.71,67.62,6,0.0,0,52.88,PASS,MEDIUM,55.366,0.8320022431230044,0,1,5.132604926675471,54.855999999999995,66.986,59.15599999999999,49.775999999999996,2.0259955577443893,0,AT_RISK,0
ENR000242,BSSE009,Female,Bachelor of Science in Software Engineering,1,1,BICT1102,Introduction to Programming,1,NEW,51.03,59.47,42.51,63.53,6,0.0,0,45.67,FAIL,MEDIUM,51.006,0.8032424361337264,0,1,8.480031446482574,54.855999999999995,66.986,59.15599999999999,49.775999999999996,2.0259955577443893,0,AT_RISK,0
ENR000243,BSSE009,Female,Bachelor of Science in Software Engineering,1,1,MATH1102,Discrete Mathematics,1,NEW,56.21,61.74,48.22,70.89,6,0.0,0,59.12,PASS,MEDIUM,55.472,0.7929184944394845,0,0,6.797197952097616,54.855999999999995,66.986,59.15599999999999,49.775999999999996,2.0259955577443893,0,AT_RISK,0
ENR000244,BSSE009,Female,Bachelor of Science in Software Engineering,1,1,COMM1101,Communication Skills I,1,NEW,54.78,58.68,54.08,68.78,6,0.0,0,56.64,PASS,MEDIUM,55.74,0.7964523413125412,0,1,2.478574859336174,54.855999999999995,66.986,59.15599999999999,49.775999999999996,2.0259955577443893,0,AT_RISK,0
ENR000245,BSSE009,Female,Bachelor of Science in Software Engineering,1,1,BICT1103,Computer and Communication Technology,1,NEW,56.0,56.06,54.36,64.11,6,0.0,0,54.9,PASS,MEDIUM,55.525999999999996,0.8734985379038313,0,1,0.964641556918079,54.855999999999995,66.986,59.15599999999999,49.775999999999996,2.0259955577443893,0,AT_RISK,0
ENR000246,BSSE010,Male,Bachelor of Science in Software Engineering,1,1,SE1101,Fundamentals of Software Engineering,1,NEW,68.74,70.11,71.0,78.48,5,0.0,0,72.49,PASS,LOW,69.829,0.8758918353858516,0,0,1.1384638773364775,73.74199999999999,84.702,74.096,73.562,5.690955956603428,0,LOW,1
ENR000247,BSSE010,Male,Bachelor of Science in Software Engineering,1,1,BICT1102,Introduction to Programming,1,NEW,79.33,85.81,68.39,92.51,5,0.0,0,74.26,PASS,LOW,77.99199999999999,0.8575288230970897,0,0,8.804642714689413,73.74199999999999,84.702,74.096,73.562,5.690955956603428,0,LOW,1
ENR000248,BSSE010,Male,Bachelor of Science in Software Engineering,1,1,MATH1102,Discrete Mathematics,1,NEW,69.11,74.03,65.36,85.04,5,0.0,0,66.1,PASS,LOW,69.461,0.8126762920183098,0,0,4.348137532323467,73.74199999999999,84.702,74.096,73.562,5.690955956603428,0,LOW,1
ENR000249,BSSE010,Male,Bachelor of Science in Software Engineering,1,1,COMM1101,Communication Skills I,1,NEW,82.79,77.81,84.2,87.03,5,0.0,0,91.83,PASS,LOW,81.71900000000001,0.9512810581085765,0,0,3.3570969601725844,73.74199999999999,84.702,74.096,73.562,5.690955956603428,0,LOW,1
ENR000250,BSSE010,Male,Bachelor of Science in Software Engineering,1,1,BICT1103,Computer and Communication Technology,1,NEW,68.74,62.72,78.86,80.45,5,0.0,0,70.6,PASS,LOW,69.97,0.8544436476763644,0,0,8.156330874439398,73.74199999999999,84.702,74.096,73.562,5.690955956603428,0,LOW,1
ENR000251,BSSE011,Female,Bachelor of Science in Software Engineering,1,1,SE1101,Fundamentals of Software Engineering,1,NEW,60.36,70.25,58.24,77.35,4,0.0,0,56.65,PASS,LOW,62.691,0.7803489618165531,0,0,6.410234005089049,61.02,74.188,61.598,62.334,1.912901931621169,0,LOW,1
ENR000252,BSSE011,Female,Bachelor of Science in Software Engineering,1,1,BICT1102,Introduction to Programming,1,NEW,58.24,58.85,57.68,76.76,4,0.0,0,59.4,PASS,LOW,58.255,0.7587284055851478,0,0,0.5851780355868924,61.02,74.188,61.598,62.334,1.912901931621169,0,LOW,1
ENR000253,BSSE011,Female,Bachelor of Science in Software Engineering,1,1,MATH1102,Discrete Mathematics,1,NEW,61.53,61.0,62.54,75.67,4,0.0,0,58.59,PASS,LOW,61.67400000000001,0.8131358777407324,0,0,0.7823681997627454,61.02,74.188,61.598,62.334,1.912901931621169,0,LOW,1
ENR000254,BSSE011,Female,Bachelor of Science in Software Engineering,1,1,COMM1101,Communication Skills I,1,NEW,62.43,62.18,63.21,71.46,4,0.0,0,76.34,PASS,MEDIUM,62.589,0.8736354780806777,0,0,0.5372460640463865,61.02,74.188,61.598,62.334,1.912901931621169,0,AT_RISK,0
ENR000255,BSSE011,Female,Bachelor of Science in Software Engineering,1,1,BICT1103,Computer and Communication Technology,1,NEW,62.54,55.71,70.0,69.7,4,0.0,0,60.48,PASS,MEDIUM,62.729000000000006,0.897273902830143,0,1,7.147314180865425,61.02,74.188,61.598,62.334,1.912901931621169,0,AT_RISK,0
ENR000256,BSSE012,Male,Bachelor of Science in Software Engineering,1,1,SE1101,Fundamentals of Software Engineering,1,NEW,61.13,63.61,52.18,72.28,5,0.0,0,54.42,PASS,MEDIUM,59.189,0.8457386765718489,0,0,6.012456514049257,57.29200000000001,65.606,58.458000000000006,52.564,3.122826812360875,0,AT_RISK,0
ENR000257,BSSE012,Male,Bachelor of Science in Software Engineering,1,1,BICT1102,Introduction to Programming,1,NEW,60.96,60.2,57.05,67.94,5,0.0,0,56.68,PASS,MEDIUM,59.559,0.8972621581892614,0,1,2.0731698756574057,57.29200000000001,65.606,58.458000000000006,52.564,3.122826812360875,0,AT_RISK,0
ENR000258,BSSE012,Male,Bachelor of Science in Software Engineering,1,1,MATH1102,Discrete Mathematics,1,NEW,53.96,58.9,42.98,61.96,5,0.0,0,47.78,PASS,MEDIUM,52.147999999999996,0.8708843010193187,0,1,8.148725871774884,57.29200000000001,65.606,58.458000000000006,52.564,3.122826812360875,0,AT_RISK,0
ENR000259,BSSE012,Male,Bachelor of Science in Software Engineering,1,1,COMM1101,Communication Skills I,1,NEW,54.21,58.07,53.27,63.51,5,0.0,0,64.56,PASS,MEDIUM,55.086,0.8535662331024668,0,1,2.543724303719514,57.29200000000001,65.606,58.458000000000006,52.564,3.122826812360875,0,AT_RISK,0
ENR000260,BSSE012,Male,Bachelor of Science in Software Engineering,1,1,BICT1103,Computer and Communication Technology,1,NEW,56.2,51.51,57.34,62.34,5,0.0,0,60.47,PASS,MEDIUM,55.135000000000005,0.9015077155104723,0,1,3.089892123251773,57.29200000000001,65.606,58.458000000000006,52.564,3.122826812360875,0,AT_RISK,0
ENR000261,BSSE013,Male,Bachelor of Science in Software Engineering,1,1,SE1101,Fundamentals of Software Engineering,1,NEW,39.97,46.35,34.35,39.02,5,0.0,0,44.66,FAIL,HIGH,40.198,1.0243462264617562,1,1,6.004009771255651,40.69,46.56,42.238,40.168,2.3040837007365846,5,AT_RISK,0
ENR000262,BSSE013,Male,Bachelor of Science in Software Engineering,1,1,BICT1102,Introduction to Programming,1,NEW,43.91,43.89,45.86,46.93,5,0.0,0,46.36,FAIL,HIGH,44.489,0.9356486393248157,1,1,1.1316507117186532,40.69,46.56,42.238,40.168,2.3040837007365846,5,AT_RISK,0
ENR000263,BSSE013,Male,Bachelor of Science in Software Engineering,1,1,MATH1102,Discrete Mathematics,1,NEW,42.21,42.25,40.64,44.93,5,0.0,0,40.74,FAIL,HIGH,41.751,0.9394611752812875,1,1,0.9182047701901792,40.69,46.56,42.238,40.168,2.3040837007365846,5,AT_RISK,0
ENR000264,BSSE013,Male,Bachelor of Science in Software Engineering,1,1,COMM1101,Communication Skills I,1,NEW,39.31,40.51,41.25,48.99,5,0.0,0,31.56,FAIL,HIGH,40.252,0.8024084910372543,1,1,0.9790471558272006,40.69,46.56,42.238,40.168,2.3040837007365846,5,AT_RISK,0
ENR000265,BSSE013,Male,Bachelor of Science in Software Engineering,1,1,BICT1103,Computer and Communication Technology,1,NEW,38.05,38.19,38.74,52.93,5,0.0,0,40.59,FAIL,HIGH,38.299,0.7188738486918856,1,1,0.36473734842121014,40.69,46.56,42.238,40.168,2.3040837007365846,5,AT_RISK,0
ENR000266,BSSE014,Male,Bachelor of Science in Software Engineering,1,1,SE1101,Fundamentals of Software Engineering,1,NEW,78.02,79.17,77.61,88.83,5,0.0,0,87.12,PASS,LOW,78.242,0.8783067794318609,0,0,0.8087232736439185,79.792,92.812,82.952,74.918,4.777376392958796,0,LOW,1
ENR000267,BSSE014,Male,Bachelor of Science in Software Engineering,1,1,BICT1102,Introduction to Programming,1,NEW,82.23,85.18,75.75,93.13,5,0.0,0,78.46,PASS,LOW,81.171,0.882959209389111,0,0,4.823860832707902,79.792,92.812,82.952,74.918,4.777376392958796,0,LOW,1
ENR000268,BSSE014,Male,Bachelor of Science in Software Engineering,1,1,MATH1102,Discrete Mathematics,1,NEW,72.43,81.01,65.43,85.98,5,0.0,0,70.7,PASS,LOW,72.90400000000001,0.8424051125372048,0,0,7.8033411647404805,79.792,92.812,82.952,74.918,4.777376392958796,0,LOW,1
ENR000269,BSSE014,Male,Bachelor of Science in Software Engineering,1,1,COMM1101,Communication Skills I,1,NEW,87.49,82.66,87.22,96.12,5,0.0,0,92.22,PASS,LOW,85.96000000000001,0.9102163014756239,0,0,2.714019159843939,79.792,92.812,82.952,74.918,4.777376392958796,0,LOW,1
ENR000270,BSSE014,Male,Bachelor of Science in Software Engineering,1,1,BICT1103,Computer and Communication Technology,1,NEW,78.79,86.74,68.58,100.0,5,0.0,0,79.14,PASS,LOW,78.112,0.787899921210008,0,0,9.103407786830891,79.792,92.812,82.952,74.918,4.777376392958796,0,LOW,1
ENR000271,BSSE015,Male,Bachelor of Science in Software Engineering,1,1,SE1101,Fundamentals of Software Engineering,1,NEW,75.73,76.39,77.63,89.49,5,0.0,0,72.7,PASS,LOW,76.498,0.8462397087674927,0,0,0.9646415569180736,81.30600000000001,92.454,82.892,81.718,4.707704196314797,0,LOW,1
ENR000272,BSSE015,Male,Bachelor of Science in Software Engineering,1,1,BICT1102,Introduction to Programming,1,NEW,82.56,91.88,76.84,92.39,5,0.0,0,80.5,PASS,LOW,83.64,0.8936031070891756,0,0,7.59146889607011,81.30600000000001,92.454,82.892,81.718,4.707704196314797,0,LOW,1
ENR000273,BSSE015,Male,Bachelor of Science in Software Engineering,1,1,MATH1102,Discrete Mathematics,1,NEW,77.26,81.33,73.15,94.83,5,0.0,0,68.58,PASS,LOW,77.248,0.8147209939132138,0,0,4.090016299886017,81.30600000000001,92.454,82.892,81.718,4.707704196314797,0,LOW,1
ENR000274,BSSE015,Male,Bachelor of Science in Software Engineering,1,1,COMM1101,Communication Skills I,1,NEW,85.19,83.01,90.03,92.63,5,0.0,0,87.26,PASS,LOW,85.988,0.9196803498131977,0,0,3.5930117357633726,81.30600000000001,92.454,82.892,81.718,4.707704196314797,0,LOW,1
ENR000275,BSSE015,Male,Bachelor of Science in Software Engineering,1,1,BICT1103,Computer and Communication Technology,1,NEW,85.79,81.85,90.94,92.93,5,0.0,0,88.4,PASS,LOW,86.15299999999999,0.9231678765557003,0,0,4.558402497951815,81.30600000000001,92.454,82.892,81.718,4.707704196314797,0,LOW,1
ENR000276,BSSE016,Male,Bachelor of Science in Software Engineering,1,1,SE1101,Fundamentals of Software Engineering,1,NEW,51.38,45.82,58.6,53.86,5,0.0,1,67.64,PASS,HIGH,51.87800000000001,0.9539545202460973,0,1,6.4079429876781315,56.653999999999996,60.124,55.410000000000004,57.51800000000001,2.8683371489418676,0,AT_RISK,0
ENR000277,BSSE016,Male,Bachelor of Science in Software Engineering,1,1,BICT1102,Introduction to Programming,1,NEW,59.15,56.05,56.23,58.65,5,0.0,1,66.59,PASS,HIGH,57.343999999999994,1.008524977233593,0,1,1.7401532499562606,56.653999999999996,60.124,55.410000000000004,57.51800000000001,2.8683371489418676,0,AT_RISK,0
ENR000278,BSSE016,Male,Bachelor of Science in Software Engineering,1,1,MATH1102,Discrete Mathematics,1,NEW,58.01,62.73,50.95,65.74,5,0.0,1,48.86,PASS,MEDIUM,57.30800000000001,0.8824154422854514,0,1,5.928608605735411,56.653999999999996,60.124,55.410000000000004,57.51800000000001,2.8683371489418676,0,AT_RISK,0
ENR000279,BSSE016,Male,Bachelor of Science in Software Engineering,1,1,COMM1101,Communication Skills I,1,NEW,56.07,54.75,58.75,57.64,5,0.0,1,63.71,PASS,HIGH,56.477999999999994,0.9727618020885145,0,1,2.0381691130358477,56.653999999999996,60.124,55.410000000000004,57.51800000000001,2.8683371489418676,0,AT_RISK,0
ENR000280,BSSE016,Male,Bachelor of Science in Software Engineering,1,1,BICT1103,Computer and Communication Technology,1,NEW,58.66,57.7,63.06,64.73,5,0.0,1,58.43,PASS,MEDIUM,59.69199999999999,0.9062257212690062,0,1,2.8580646132187666,56.653999999999996,60.124,55.410000000000004,57.51800000000001,2.8683371489418676,0,AT_RISK,0
ENR000281,BSSE017,Male,Bachelor of Science in Software Engineering,1,1,SE1101,Fundamentals of Software Engineering,1,NEW,53.08,49.46,54.81,58.34,6,0.0,0,46.48,FAIL,HIGH,52.513,0.9098387196025505,0,1,2.7300732590903127,50.272000000000006,58.517999999999994,50.866,48.636,4.035621550641243,2,AT_RISK,0
ENR000282,BSSE017,Male,Bachelor of Science in Software Engineering,1,1,BICT1102,Introduction to Programming,1,NEW,51.99,58.88,45.77,66.08,6,0.0,0,41.78,FAIL,MEDIUM,52.191,0.7867734886843994,0,1,6.557852798998566,50.272000000000006,58.517999999999994,50.866,48.636,4.035621550641243,2,AT_RISK,0
ENR000283,BSSE017,Male,Bachelor of Science in Software Engineering,1,1,MATH1102,Discrete Mathematics,1,NEW,55.27,55.11,50.81,57.18,6,0.0,0,46.69,PASS,HIGH,53.884,0.9665965430925948,0,1,2.5300592878428754,50.272000000000006,58.517999999999994,50.866,48.636,4.035621550641243,2,AT_RISK,0
ENR000284,BSSE017,Male,Bachelor of Science in Software Engineering,1,1,COMM1101,Communication Skills I,1,NEW,46.29,49.32,42.29,54.19,6,0.0,0,47.49,FAIL,HIGH,45.999,0.8542164875038776,1,1,3.5261357508373576,50.272000000000006,58.517999999999994,50.866,48.636,4.035621550641243,2,AT_RISK,0
ENR000285,BSSE017,Male,Bachelor of Science in Software Engineering,1,1,BICT1103,Computer and Communication Technology,1,NEW,44.73,41.56,49.5,56.8,6,0.0,0,39.35,FAIL,HIGH,45.209999999999994,0.7874998613556582,1,1,3.9967778689005633,50.272000000000006,58.517999999999994,50.866,48.636,4.035621550641243,2,AT_RISK,0
ENR000286,BSSE018,Male,Bachelor of Science in Software Engineering,1,1,SE1101,Fundamentals of Software Engineering,1,NEW,61.05,72.04,51.86,92.92,5,0.0,0,62.79,PASS,LOW,61.59,0.6570167179276024,0,0,10.103370724664124,57.484,86.424,59.32000000000001,55.132000000000005,6.081824619306284,1,LOW,1
ENR000287,BSSE018,Male,Bachelor of Science in Software Engineering,1,1,BICT1102,Introduction to Programming,1,NEW,58.51,61.37,51.98,81.84,5,0.0,0,54.29,PASS,LOW,57.40899999999999,0.7149314864453217,0,0,4.813048237170841,57.484,86.424,59.32000000000001,55.132000000000005,6.081824619306284,1,LOW,1
ENR000288,BSSE018,Male,Bachelor of Science in Software Engineering,1,1,MATH1102,Discrete Mathematics,1,NEW,48.98,56.58,42.06,85.02,5,0.0,0,48.21,FAIL,MEDIUM,49.184,0.5760996734768673,1,0,7.2626533259775865,57.484,86.424,59.32000000000001,55.132000000000005,6.081824619306284,1,AT_RISK,0
ENR000289,BSSE018,Male,Bachelor of Science in Software Engineering,1,1,COMM1101,Communication Skills I,1,NEW,64.29,58.52,70.87,89.49,5,0.0,0,71.15,PASS,LOW,64.533,0.7184042107046362,0,0,6.179425539643634,57.484,86.424,59.32000000000001,55.132000000000005,6.081824619306284,1,LOW,1
ENR000290,BSSE018,Male,Bachelor of Science in Software Engineering,1,1,BICT1103,Computer and Communication Technology,1,NEW,54.59,48.09,58.89,82.85,5,0.0,0,56.02,PASS,MEDIUM,53.93,0.658901549921358,0,0,5.437217425607819,57.484,86.424,59.32000000000001,55.132000000000005,6.081824619306284,1,AT_RISK,0
ENR000291,BSSE019,Female,Bachelor of Science in Software Engineering,1,1,SE1101,Fundamentals of Software Engineering,1,NEW,51.37,51.87,54.63,64.33,6,0.0,1,53.91,PASS,MEDIUM,52.498,0.7985386602613617,0,1,1.7557144794451471,51.565999999999995,67.04400000000001,55.10799999999999,50.706,5.155454179798322,2,AT_RISK,0
ENR000292,BSSE019,Female,Bachelor of Science in Software Engineering,1,1,BICT1102,Introduction to Programming,1,NEW,48.55,57.14,44.82,65.15,6,0.0,1,52.08,PASS,HIGH,50.007999999999996,0.745203262440021,1,1,6.317744850815044,51.565999999999995,67.04400000000001,55.10799999999999,50.706,5.155454179798322,2,AT_RISK,0
ENR000293,BSSE019,Female,Bachelor of Science in Software Engineering,1,1,MATH1102,Discrete Mathematics,1,NEW,50.4,51.62,45.73,67.64,6,0.0,1,40.13,FAIL,MEDIUM,49.364999999999995,0.7451211198815612,0,1,3.1088422282258072,51.565999999999995,67.04400000000001,55.10799999999999,50.706,5.155454179798322,2,AT_RISK,0
ENR000294,BSSE019,Female,Bachelor of Science in Software Engineering,1,1,COMM1101,Communication Skills I,1,NEW,61.39,58.93,63.33,70.83,6,0.0,1,63.21,PASS,MEDIUM,61.233999999999995,0.8667230175458114,0,0,2.2051152653168336,51.565999999999995,67.04400000000001,55.10799999999999,50.706,5.155454179798322,2,AT_RISK,0
ENR000295,BSSE019,Female,Bachelor of Science in Software Engineering,1,1,BICT1103,Computer and Communication Technology,1,NEW,46.12,55.98,45.02,67.27,6,0.0,1,49.52,FAIL,HIGH,48.748,0.6855952600571934,1,1,6.035329319929441,51.565999999999995,67.04400000000001,55.10799999999999,50.706,5.155454179798322,2,AT_RISK,0
ENR000296,BSSE020,Male,Bachelor of Science in Software Engineering,1,1,SE1101,Fundamentals of Software Engineering,1,NEW,42.3,38.25,46.3,29.42,5,0.0,0,36.34,FAIL,HIGH,42.285,1.4377969280092018,1,1,4.025025879833982,37.668,34.064,37.628,38.282,2.9759571065457227,5,AT_RISK,0
ENR000297,BSSE020,Male,Bachelor of Science in Software Engineering,1,1,BICT1102,Introduction to Programming,1,NEW,33.26,43.18,25.74,32.73,5,0.0,0,24.05,FAIL,HIGH,33.98,1.0161927845423817,1,1,8.747479637015454,37.668,34.064,37.628,38.282,2.9759571065457227,5,AT_RISK,0
ENR000298,BSSE020,Male,Bachelor of Science in Software Engineering,1,1,MATH1102,Discrete Mathematics,1,NEW,37.28,35.84,37.75,29.65,5,0.0,0,30.64,FAIL,HIGH,36.989000000000004,1.2573351577284462,1,1,0.9952051714763795,37.668,34.064,37.628,38.282,2.9759571065457227,5,AT_RISK,0
ENR000299,BSSE020,Male,Bachelor of Science in Software Engineering,1,1,COMM1101,Communication Skills I,1,NEW,37.97,28.34,47.82,32.29,5,0.0,0,41.77,FAIL,HIGH,38.036,1.1759054890351535,1,1,9.740207047765121,37.668,34.064,37.628,38.282,2.9759571065457227,5,AT_RISK,0
ENR000300,BSSE020,Male,Bachelor of Science in Software Engineering,1,1,BICT1103,Computer and Communication Technology,1,NEW,37.53,42.53,33.8,46.23,5,0.0,0,43.17,FAIL,HIGH,37.911,0.8118103370516252,1,1,4.380369086427917,37.668,34.064,37.628,38.282,2.9759571065457227,5,AT_RISK,0
ENR000301,BSSE021,Female,Bachelor of Science in Software Engineering,1,1,SE1101,Fundamentals of Software Engineering,1,NEW,77.59,70.57,81.38,81.05,5,0.0,0,74.89,PASS,LOW,76.621,0.9573101841690088,0,0,5.484836673350753,73.34400000000001,78.89,76.1,69.624,3.979567087008327,0,LOW,1
ENR000302,BSSE021,Female,Bachelor of Science in Software Engineering,1,1,BICT1102,Introduction to Programming,1,NEW,73.38,74.76,70.55,82.49,5,0.0,0,64.36,PASS,LOW,72.945,0.8895622633577084,0,0,2.1462137203301417,73.34400000000001,78.89,76.1,69.624,3.979567087008327,0,LOW,1
ENR000303,BSSE021,Female,Bachelor of Science in Software Engineering,1,1,MATH1102,Discrete Mathematics,1,NEW,68.27,76.87,60.88,74.8,5,0.0,0,56.48,PASS,MEDIUM,68.63300000000001,0.9127004127405864,0,0,8.002626652126997,73.34400000000001,78.89,76.1,69.624,3.979567087008327,0,AT_RISK,0
ENR000304,BSSE021,Female,Bachelor of Science in Software Engineering,1,1,COMM1101,Communication Skills I,1,NEW,77.47,83.53,71.34,79.06,5,0.0,0,86.76,PASS,LOW,77.449,0.9798885681901633,0,0,6.095033497310193,73.34400000000001,78.89,76.1,69.624,3.979567087008327,0,LOW,1
ENR000305,BSSE021,Female,Bachelor of Science in Software Engineering,1,1,BICT1103,Computer and Communication Technology,1,NEW,70.01,74.77,63.97,77.05,5,0.0,0,66.78,PASS,LOW,69.626,0.908630641319839,0,0,5.412627211746004,73.34400000000001,78.89,76.1,69.624,3.979567087008327,0,LOW,1
ENR000306,BSSE022,Male,Bachelor of Science in Software Engineering,1,1,SE1101,Fundamentals of Software Engineering,1,NEW,84.67,87.63,81.12,100.0,4,0.0,0,81.52,PASS,LOW,84.49300000000001,0.8466999153300084,0,0,3.259452919330682,80.59,97.156,85.078,77.008,2.4436993882227043,0,LOW,1
ENR000307,BSSE022,Male,Bachelor of Science in Software Engineering,1,1,BICT1102,Introduction to Programming,1,NEW,79.67,81.32,74.07,94.48,4,0.0,0,69.43,PASS,LOW,78.485,0.843247158843442,0,0,3.8001096475408898,80.59,97.156,85.078,77.008,2.4436993882227043,0,LOW,1
ENR000308,BSSE022,Male,Bachelor of Science in Software Engineering,1,1,MATH1102,Discrete Mathematics,1,NEW,78.07,90.51,71.99,97.68,4,0.0,0,70.06,PASS,LOW,79.978,0.7992423424199074,0,0,9.440254233864685,80.59,97.156,85.078,77.008,2.4436993882227043,0,LOW,1
ENR000309,BSSE022,Male,Bachelor of Science in Software Engineering,1,1,COMM1101,Communication Skills I,1,NEW,81.67,84.03,80.83,98.31,4,0.0,0,90.63,PASS,LOW,82.126,0.8307394130058576,0,0,1.6590760480862041,80.59,97.156,85.078,77.008,2.4436993882227043,0,LOW,1
ENR000310,BSSE022,Male,Bachelor of Science in Software Engineering,1,1,BICT1103,Computer and Communication Technology,1,NEW,78.87,81.9,77.03,95.31,4,0.0,0,73.43,PASS,LOW,79.227,0.8275101429535051,0,0,2.4591123059619187,80.59,97.156,85.078,77.008,2.4436993882227043,0,LOW,1
ENR000311,BSSE023,Female,Bachelor of Science in Software Engineering,1,1,SE1101,Fundamentals of Software Engineering,1,NEW,88.46,91.49,86.72,88.93,5,0.0,0,88.91,PASS,LOW,88.847,0.994714832484557,0,0,2.4138972637624807,81.102,83.468,82.97999999999999,80.164,4.752489242491763,0,LOW,1
ENR000312,BSSE023,Female,Bachelor of Science in Software Engineering,1,1,BICT1102,Introduction to Programming,1,NEW,75.38,77.62,76.68,83.97,5,0.0,0,79.76,PASS,LOW,76.44200000000001,0.8977014531735794,0,0,1.1248110952511141,81.102,83.468,82.97999999999999,80.164,4.752489242491763,0,LOW,1
ENR000313,BSSE023,Female,Bachelor of Science in Software Engineering,1,1,MATH1102,Discrete Mathematics,1,NEW,78.42,82.53,75.08,82.21,5,0.0,0,76.82,PASS,LOW,78.651,0.9538984364556093,0,0,3.7316260977398774,81.102,83.468,82.97999999999999,80.164,4.752489242491763,0,LOW,1
ENR000314,BSSE023,Female,Bachelor of Science in Software Engineering,1,1,COMM1101,Communication Skills I,1,NEW,82.77,85.87,79.3,82.17,5,0.0,0,95.8,PASS,LOW,82.65899999999999,1.0073018124252386,0,0,3.2867359695195106,81.102,83.468,82.97999999999999,80.164,4.752489242491763,0,LOW,1
ENR000315,BSSE023,Female,Bachelor of Science in Software Engineering,1,1,BICT1103,Computer and Communication Technology,1,NEW,80.48,77.39,83.04,80.06,5,0.0,0,82.31,PASS,LOW,80.321,1.0052459398893405,0,0,2.8291400342389115,81.102,83.468,82.97999999999999,80.164,4.752489242491763,0,LOW,1
ENR000316,BSSE024,Male,Bachelor of Science in Software Engineering,1,1,SE1101,Fundamentals of Software Engineering,1,NEW,78.99,82.38,73.59,94.25,5,0.0,0,88.8,PASS,LOW,78.387,0.8380900967543663,0,0,4.433136587113007,77.172,92.33,77.192,77.098,3.3809523362508362,0,LOW,1
ENR000317,BSSE024,Male,Bachelor of Science in Software Engineering,1,1,BICT1102,Introduction to Programming,1,NEW,74.52,73.72,75.68,89.28,5,0.0,0,59.31,PASS,LOW,74.628,0.8346773258649948,0,0,0.9854947995803979,77.172,92.33,77.192,77.098,3.3809523362508362,0,LOW,1
ENR000318,BSSE024,Male,Bachelor of Science in Software Engineering,1,1,MATH1102,Discrete Mathematics,1,NEW,73.28,77.29,68.28,93.2,5,0.0,0,70.42,PASS,LOW,72.983,0.786266010057295,0,0,4.514055825972916,77.172,92.33,77.192,77.098,3.3809523362508362,0,LOW,1
ENR000319,BSSE024,Male,Bachelor of Science in Software Engineering,1,1,COMM1101,Communication Skills I,1,NEW,81.31,77.6,85.79,92.65,5,0.0,0,90.72,PASS,LOW,81.541,0.8776037908684521,0,0,4.101028326326627,77.172,92.33,77.192,77.098,3.3809523362508362,0,LOW,1
ENR000320,BSSE024,Male,Bachelor of Science in Software Engineering,1,1,BICT1103,Computer and Communication Technology,1,NEW,77.76,74.97,82.15,92.27,5,0.0,0,84.38,PASS,LOW,78.24000000000001,0.8427440291813126,0,0,3.619590216216935,77.172,92.33,77.192,77.098,3.3809523362508362,0,LOW,1
ENR000321,BSSE025,Male,Bachelor of Science in Software Engineering,1,1,SE1101,Fundamentals of Software Engineering,1,NEW,76.16,78.66,74.56,96.14,5,0.0,0,80.98,PASS,LOW,76.42999999999999,0.792177991244228,0,0,2.06639783197718,76.00999999999999,93.502,79.56800000000001,72.35,6.469500622150059,0,LOW,1
ENR000322,BSSE025,Male,Bachelor of Science in Software Engineering,1,1,BICT1102,Introduction to Programming,1,NEW,69.1,73.19,62.16,90.56,5,0.0,0,75.43,PASS,LOW,68.24499999999999,0.7630299510788481,0,0,5.57602905300896,76.00999999999999,93.502,79.56800000000001,72.35,6.469500622150059,0,LOW,1
ENR000323,BSSE025,Male,Bachelor of Science in Software Engineering,1,1,MATH1102,Discrete Mathematics,1,NEW,76.21,79.73,69.2,96.61,5,0.0,0,66.08,PASS,LOW,75.163,0.788841653157887,0,0,5.360525471754922,76.00999999999999,93.502,79.56800000000001,72.35,6.469500622150059,0,LOW,1
ENR000324,BSSE025,Male,Bachelor of Science in Software Engineering,1,1,COMM1101,Communication Skills I,1,NEW,86.28,85.93,86.06,97.98,5,0.0,0,95.89,PASS,LOW,86.109,0.8805877852023081,0,0,0.17691806012953867,76.00999999999999,93.502,79.56800000000001,72.35,6.469500622150059,0,LOW,1
ENR000325,BSSE025,Male,Bachelor of Science in Software Engineering,1,1,BICT1103,Computer and Communication Technology,1,NEW,72.3,80.33,69.77,86.22,5,0.0,0,75.0,PASS,LOW,73.95,0.8385524427566176,0,0,5.51354997559044,76.00999999999999,93.502,79.56800000000001,72.35,6.469500622150059,0,LOW,1
ENR000326,BSSE026,Male,Bachelor of Science in Software Engineering,1,1,SE1101,Fundamentals of Software Engineering,1,NEW,91.45,90.8,87.18,88.99,4,0.0,0,92.87,PASS,LOW,89.974,1.027643439977139,0,0,2.300717279458731,79.304,85.33,81.35799999999999,78.38,6.575844926699538,0,LOW,1
ENR000327,BSSE026,Male,Bachelor of Science in Software Engineering,1,1,BICT1102,Introduction to Programming,1,NEW,71.54,73.5,72.11,85.48,4,0.0,0,82.13,PASS,LOW,72.299,0.8369208192652294,0,0,1.0081831844130948,79.304,85.33,81.35799999999999,78.38,6.575844926699538,0,LOW,1
ENR000328,BSSE026,Male,Bachelor of Science in Software Engineering,1,1,MATH1102,Discrete Mathematics,1,NEW,78.8,81.77,75.7,84.47,4,0.0,0,84.11,PASS,LOW,78.761,0.9328754666893019,0,0,3.03523200650845,79.304,85.33,81.35799999999999,78.38,6.575844926699538,0,LOW,1
ENR000329,BSSE026,Male,Bachelor of Science in Software Engineering,1,1,COMM1101,Communication Skills I,1,NEW,79.56,81.51,81.57,82.68,4,0.0,0,79.31,PASS,LOW,80.748,0.9622640345592604,0,0,1.143547113152753,79.304,85.33,81.35799999999999,78.38,6.575844926699538,0,LOW,1
ENR000330,BSSE026,Male,Bachelor of Science in Software Engineering,1,1,BICT1103,Computer and Communication Technology,1,NEW,75.17,79.21,75.34,85.03,4,0.0,0,74.71,PASS,LOW,76.43299999999999,0.8840408227636337,0,0,2.2850018234857736,79.304,85.33,81.35799999999999,78.38,6.575844926699538,0,LOW,1
ENR000331,BSSE027,Male,Bachelor of Science in Software Engineering,1,1,SE1101,Fundamentals of Software Engineering,1,NEW,60.29,62.3,60.54,90.89,5,0.0,0,63.84,PASS,LOW,60.967999999999996,0.6633292261712811,0,0,1.0954603294201624,63.032,90.444,65.664,61.541999999999994,6.016700241826909,0,LOW,1
ENR000332,BSSE027,Male,Bachelor of Science in Software Engineering,1,1,BICT1102,Introduction to Programming,1,NEW,60.3,61.97,59.1,95.92,5,0.0,0,63.53,PASS,LOW,60.441,0.6286488085228514,0,0,1.4413997826187328,63.032,90.444,65.664,61.541999999999994,6.016700241826909,0,LOW,1
ENR000333,BSSE027,Male,Bachelor of Science in Software Engineering,1,1,MATH1102,Discrete Mathematics,1,NEW,59.11,66.01,54.59,91.41,5,0.0,0,62.94,PASS,LOW,59.824,0.6466469044254562,0,0,5.751185385060487,63.032,90.444,65.664,61.541999999999994,6.016700241826909,0,LOW,1
ENR000334,BSSE027,Male,Bachelor of Science in Software Engineering,1,1,COMM1101,Communication Skills I,1,NEW,73.44,79.01,69.99,90.65,5,0.0,0,67.54,PASS,LOW,74.076,0.8101488350635592,0,0,4.551333138030371,63.032,90.444,65.664,61.541999999999994,6.016700241826909,0,LOW,1
ENR000335,BSSE027,Male,Bachelor of Science in Software Engineering,1,1,BICT1103,Computer and Communication Technology,1,NEW,62.02,59.03,63.49,83.35,5,0.0,0,54.11,PASS,LOW,61.56400000000001,0.7440910924905708,0,0,2.27275896947594,63.032,90.444,65.664,61.541999999999994,6.016700241826909,0,LOW,1
ENR000336,BSSE028,Male,Bachelor of Science in Software Engineering,1,1,SE1101,Fundamentals of Software Engineering,1,NEW,61.81,65.71,58.72,66.17,6,0.0,1,54.47,PASS,MEDIUM,62.053,0.9341089717229905,0,1,3.502813155165428,55.664,63.355999999999995,59.69199999999999,52.646,6.77321803133488,1,AT_RISK,0
ENR000337,BSSE028,Male,Bachelor of Science in Software Engineering,1,1,BICT1102,Introduction to Programming,1,NEW,46.55,50.83,45.24,56.98,6,0.0,1,42.41,FAIL,HIGH,47.441,0.8169531735778915,1,1,2.9235423718496016,55.664,63.355999999999995,59.69199999999999,52.646,6.77321803133488,1,AT_RISK,0
ENR000338,BSSE028,Male,Bachelor of Science in Software Engineering,1,1,MATH1102,Discrete Mathematics,1,NEW,50.16,56.42,43.38,65.89,6,0.0,1,47.85,FAIL,MEDIUM,50.004000000000005,0.7612686657658725,0,1,6.521727787429749,55.664,63.355999999999995,59.69199999999999,52.646,6.77321803133488,1,AT_RISK,0
ENR000339,BSSE028,Male,Bachelor of Science in Software Engineering,1,1,COMM1101,Communication Skills I,1,NEW,61.39,62.97,59.76,61.22,6,0.0,1,67.63,PASS,MEDIUM,61.37499999999999,1.0027767065049482,0,1,1.6050649000377943,55.664,63.355999999999995,59.69199999999999,52.646,6.77321803133488,1,AT_RISK,0
ENR000340,BSSE028,Male,Bachelor of Science in Software Engineering,1,1,BICT1103,Computer and Communication Technology,1,NEW,58.41,62.53,56.13,66.52,6,0.0,1,59.71,PASS,MEDIUM,58.962,0.8780816479131617,0,1,3.2437837987962967,55.664,63.355999999999995,59.69199999999999,52.646,6.77321803133488,1,AT_RISK,0
ENR000341,BSSE029,Male,Bachelor of Science in Software Engineering,1,1,SE1101,Fundamentals of Software Engineering,1,NEW,45.5,51.27,45.37,68.41,5,0.0,0,42.96,FAIL,HIGH,47.192,0.6651073432089836,1,1,3.36946583303645,49.82,70.332,54.624,42.998000000000005,4.138763378111877,3,AT_RISK,0
ENR000342,BSSE029,Male,Bachelor of Science in Software Engineering,1,1,BICT1102,Introduction to Programming,1,NEW,46.08,53.29,35.08,68.91,5,0.0,0,35.87,FAIL,HIGH,44.943,0.6686982050938608,1,1,9.17049798720513,49.82,70.332,54.624,42.998000000000005,4.138763378111877,3,AT_RISK,0
ENR000343,BSSE029,Male,Bachelor of Science in Software Engineering,1,1,MATH1102,Discrete Mathematics,1,NEW,49.12,55.85,37.07,72.42,5,0.0,0,36.17,FAIL,MEDIUM,47.524,0.6782655788089507,1,0,9.514758711251343,49.82,70.332,54.624,42.998000000000005,4.138763378111877,3,AT_RISK,0
ENR000344,BSSE029,Male,Bachelor of Science in Software Engineering,1,1,COMM1101,Communication Skills I,1,NEW,56.85,58.65,50.88,72.22,5,0.0,0,57.6,PASS,MEDIUM,55.599000000000004,0.7871779580202218,0,0,4.0672226395908035,49.82,70.332,54.624,42.998000000000005,4.138763378111877,3,AT_RISK,0
ENR000345,BSSE029,Male,Bachelor of Science in Software Engineering,1,1,BICT1103,Computer and Communication Technology,1,NEW,51.55,54.06,46.59,69.7,5,0.0,0,55.64,PASS,MEDIUM,50.815,0.7395981722240785,0,1,3.8013725591335197,49.82,70.332,54.624,42.998000000000005,4.138763378111877,3,AT_RISK,0
ENR000346,BSSE030,Female,Bachelor of Science in Software Engineering,1,1,SE1101,Fundamentals of Software Engineering,1,NEW,67.98,72.28,66.95,87.18,5,0.0,0,65.63,PASS,LOW,68.961,0.7797659119332516,0,0,2.8272424727992456,64.748,93.726,70.47,60.862,4.467950727123118,0,LOW,1
ENR000347,BSSE030,Female,Bachelor of Science in Software Engineering,1,1,BICT1102,Introduction to Programming,1,NEW,61.48,66.82,53.79,89.4,5,0.0,0,65.83,PASS,LOW,60.77499999999999,0.6876956725172625,0,0,6.550223914747747,64.748,93.726,70.47,60.862,4.467950727123118,0,LOW,1
ENR000348,BSSE030,Female,Bachelor of Science in Software Engineering,1,1,MATH1102,Discrete Mathematics,1,NEW,59.46,68.59,55.39,99.41,5,0.0,0,52.9,PASS,LOW,60.97800000000001,0.5981289007012472,0,0,6.759706601127992,64.748,93.726,70.47,60.862,4.467950727123118,0,LOW,1
ENR000349,BSSE030,Female,Bachelor of Science in Software Engineering,1,1,COMM1101,Communication Skills I,1,NEW,69.99,78.87,62.89,97.69,5,0.0,0,72.97,PASS,LOW,70.524,0.7164499215426429,0,0,8.006505688084745,64.748,93.726,70.47,60.862,4.467950727123118,0,LOW,1
ENR000350,BSSE030,Female,Bachelor of Science in Software Engineering,1,1,BICT1103,Computer and Communication Technology,1,NEW,64.83,65.79,65.29,94.95,5,0.0,0,66.89,PASS,LOW,65.256,0.6827803388330342,0,0,0.4801388688008263,64.748,93.726,70.47,60.862,4.467950727123118,0,LOW,1
ENR000351,BSSE031,Female,Bachelor of Science in Software Engineering,1,1,SE1101,Fundamentals of Software Engineering,1,NEW,53.25,56.09,51.53,66.29,6,0.0,1,50.99,PASS,MEDIUM,53.586,0.803288459301786,0,1,2.3028098778087043,54.396,69.51,57.894000000000005,49.722,1.694123136020523,0,AT_RISK,0
ENR000352,BSSE031,Female,Bachelor of Science in Software Engineering,1,1,BICT1102,Introduction to Programming,1,NEW,55.65,62.29,46.91,74.43,6,0.0,1,48.9,PASS,MEDIUM,55.019999999999996,0.747682285680198,0,0,7.713857660081628,54.396,69.51,57.894000000000005,49.722,1.694123136020523,0,AT_RISK,0
ENR000353,BSSE031,Female,Bachelor of Science in Software Engineering,1,1,MATH1102,Discrete Mathematics,1,NEW,54.39,60.74,46.7,72.72,6,0.0,1,39.99,FAIL,MEDIUM,53.988,0.747937190877724,0,0,7.030649566955626,54.396,69.51,57.894000000000005,49.722,1.694123136020523,0,AT_RISK,0
ENR000354,BSSE031,Female,Bachelor of Science in Software Engineering,1,1,COMM1101,Communication Skills I,1,NEW,57.63,49.7,60.36,63.53,6,0.0,1,74.93,PASS,MEDIUM,56.07000000000001,0.9071303467447903,0,1,5.5373489445160775,54.396,69.51,57.894000000000005,49.722,1.694123136020523,0,AT_RISK,0
ENR000355,BSSE031,Female,Bachelor of Science in Software Engineering,1,1,BICT1103,Computer and Communication Technology,1,NEW,51.06,60.65,43.11,70.58,6,0.0,1,44.9,FAIL,MEDIUM,51.552,0.7234342981815957,0,0,8.782769115337903,54.396,69.51,57.894000000000005,49.722,1.694123136020523,0,AT_RISK,0
ENR000356,BSSE032,Female,Bachelor of Science in Software Engineering,1,1,SE1101,Fundamentals of Software Engineering,1,NEW,64.31,61.21,70.63,83.1,5,0.0,0,68.02,PASS,LOW,65.276,0.773886790145994,0,0,4.800847147466091,66.49,90.032,68.20599999999999,65.422,5.371498189518458,0,LOW,1
ENR000357,BSSE032,Female,Bachelor of Science in Software Engineering,1,1,BICT1102,Introduction to Programming,1,NEW,58.61,70.07,48.0,93.29,5,0.0,0,61.5,PASS,LOW,58.864999999999995,0.6282559086444518,0,0,11.03772772509511,66.49,90.032,68.20599999999999,65.422,5.371498189518458,0,LOW,1
ENR000358,BSSE032,Female,Bachelor of Science in Software Engineering,1,1,MATH1102,Discrete Mathematics,1,NEW,66.02,68.36,65.07,92.82,5,0.0,0,63.28,PASS,LOW,66.437,0.7112690464049723,0,0,1.693231624242042,66.49,90.032,68.20599999999999,65.422,5.371498189518458,0,LOW,1
ENR000359,BSSE032,Female,Bachelor of Science in Software Engineering,1,1,COMM1101,Communication Skills I,1,NEW,73.76,67.95,78.16,95.57,5,0.0,0,86.28,PASS,LOW,73.337,0.7717902300104396,0,0,5.121201031008251,66.49,90.032,68.20599999999999,65.422,5.371498189518458,0,LOW,1
ENR000360,BSSE032,Female,Bachelor of Science in Software Engineering,1,1,BICT1103,Computer and Communication Technology,1,NEW,69.75,73.44,65.25,85.38,5,0.0,0,66.91,PASS,LOW,69.507,0.8169359549149736,0,0,4.101670391438102,66.49,90.032,68.20599999999999,65.422,5.371498189518458,0,LOW,1
ENR000361,BSSE033,Female,Bachelor of Science in Software Engineering,1,1,SE1101,Fundamentals of Software Engineering,1,NEW,79.16,77.69,80.79,85.29,5,0.0,0,68.13,PASS,LOW,79.208,0.9281274559587926,0,0,1.5506880193428165,78.084,83.454,79.76599999999999,75.644,5.352051410440672,0,LOW,1
ENR000362,BSSE033,Female,Bachelor of Science in Software Engineering,1,1,BICT1102,Introduction to Programming,1,NEW,69.29,74.55,65.82,88.83,5,0.0,0,74.45,PASS,LOW,69.827,0.7800291815795135,0,0,4.395478737672763,78.084,83.454,79.76599999999999,75.644,5.352051410440672,0,LOW,1
ENR000363,BSSE033,Female,Bachelor of Science in Software Engineering,1,1,MATH1102,Discrete Mathematics,1,NEW,81.52,90.01,72.36,75.24,5,0.0,0,73.32,PASS,LOW,81.31899999999999,1.0834660973596362,0,0,8.827119197865937,78.084,83.454,79.76599999999999,75.644,5.352051410440672,0,LOW,1
ENR000364,BSSE033,Female,Bachelor of Science in Software Engineering,1,1,COMM1101,Communication Skills I,1,NEW,83.91,80.31,85.84,84.92,5,0.0,0,87.63,PASS,LOW,83.409,0.9881063367750427,0,0,2.806712192821582,78.084,83.454,79.76599999999999,75.644,5.352051410440672,0,LOW,1
ENR000365,BSSE033,Female,Bachelor of Science in Software Engineering,1,1,BICT1103,Computer and Communication Technology,1,NEW,76.54,76.27,73.41,82.99,5,0.0,0,78.81,PASS,LOW,75.52,0.9222796816146909,0,0,1.7344259376904347,78.084,83.454,79.76599999999999,75.644,5.352051410440672,0,LOW,1
ENR000366,BSSE034,Male,Bachelor of Science in Software Engineering,1,1,SE1101,Fundamentals of Software Engineering,1,NEW,26.59,30.3,19.51,55.37,6,0.0,0,31.53,FAIL,HIGH,25.579,0.480223861256301,1,1,5.482009972020602,27.816000000000003,54.872,32.342,22.57,5.215238681019307,5,AT_RISK,0
ENR000367,BSSE034,Male,Bachelor of Science in Software Engineering,1,1,BICT1102,Introduction to Programming,1,NEW,18.59,31.07,10.24,51.5,6,0.0,0,11.61,FAIL,HIGH,19.829,0.3609708036949896,1,1,10.483016423402823,27.816000000000003,54.872,32.342,22.57,5.215238681019307,5,AT_RISK,0
ENR000368,BSSE034,Male,Bachelor of Science in Software Engineering,1,1,MATH1102,Discrete Mathematics,1,NEW,28.86,36.09,19.45,58.04,6,0.0,0,27.56,FAIL,HIGH,28.206000000000003,0.49724319482370866,1,1,8.3437661360643,27.816000000000003,54.872,32.342,22.57,5.215238681019307,5,AT_RISK,0
ENR000369,BSSE034,Male,Bachelor of Science in Software Engineering,1,1,COMM1101,Communication Skills I,1,NEW,33.81,31.38,33.98,52.03,6,0.0,0,45.32,FAIL,HIGH,33.132,0.6498172881381341,1,1,1.454521685411852,27.816000000000003,54.872,32.342,22.57,5.215238681019307,5,AT_RISK,0
ENR000370,BSSE034,Male,Bachelor of Science in Software Engineering,1,1,BICT1103,Computer and Communication Technology,1,NEW,31.23,32.87,29.67,57.42,6,0.0,0,27.09,FAIL,HIGH,31.253999999999998,0.543887052614585,1,1,1.600166657987013,27.816000000000003,54.872,32.342,22.57,5.215238681019307,5,AT_RISK,0
ENR000371,BSSE035,Female,Bachelor of Science in Software Engineering,1,1,SE1101,Fundamentals of Software Engineering,1,NEW,47.46,52.14,43.7,61.57,5,0.0,0,34.88,FAIL,HIGH,47.736000000000004,0.7708298244551203,1,1,4.228348771486728,48.08,62.513999999999996,52.29600000000001,44.616,5.059138444438934,4,AT_RISK,0
ENR000372,BSSE035,Female,Bachelor of Science in Software Engineering,1,1,BICT1102,Introduction to Programming,1,NEW,47.68,54.11,39.26,65.13,5,0.0,0,48.52,FAIL,HIGH,47.083,0.7320742005106402,1,1,7.447189626519077,48.08,62.513999999999996,52.29600000000001,44.616,5.059138444438934,4,AT_RISK,0
ENR000373,BSSE035,Female,Bachelor of Science in Software Engineering,1,1,MATH1102,Discrete Mathematics,1,NEW,41.01,47.74,37.09,57.85,5,0.0,0,41.99,FAIL,HIGH,41.853,0.708902211079998,1,1,5.386430481620767,48.08,62.513999999999996,52.29600000000001,44.616,5.059138444438934,4,AT_RISK,0
ENR000374,BSSE035,Female,Bachelor of Science in Software Engineering,1,1,COMM1101,Communication Skills I,1,NEW,49.47,52.21,44.82,63.5,5,0.0,0,44.54,FAIL,HIGH,48.897000000000006,0.7790549954244101,1,1,3.7359113122949448,48.08,62.513999999999996,52.29600000000001,44.616,5.059138444438934,4,AT_RISK,0
ENR000375,BSSE035,Female,Bachelor of Science in Software Engineering,1,1,BICT1103,Computer and Communication Technology,1,NEW,54.78,55.28,58.21,64.52,5,0.0,0,37.66,FAIL,MEDIUM,55.959,0.8490389260634027,0,1,1.8529166198186036,48.08,62.513999999999996,52.29600000000001,44.616,5.059138444438934,4,AT_RISK,0
ENR000376,BSSE036,Male,Bachelor of Science in Software Engineering,1,1,SE1101,Fundamentals of Software Engineering,1,NEW,77.88,81.93,71.4,100.0,5,0.0,0,70.81,PASS,LOW,77.15100000000001,0.7787999221200077,0,0,5.311525204684621,77.174,96.99199999999999,80.34200000000001,71.11,5.19815026716235,0,LOW,1
ENR000377,BSSE036,Male,Bachelor of Science in Software Engineering,1,1,BICT1102,Introduction to Programming,1,NEW,83.35,82.96,75.46,98.71,5,0.0,0,80.87,PASS,LOW,80.86599999999999,0.8443925798406868,0,0,4.446987744529999,77.174,96.99199999999999,80.34200000000001,71.11,5.19815026716235,0,LOW,1
ENR000378,BSSE036,Male,Bachelor of Science in Software Engineering,1,1,MATH1102,Discrete Mathematics,1,NEW,66.77,78.92,56.69,94.77,5,0.0,0,59.59,PASS,LOW,67.39099999999999,0.7045477783530887,0,0,11.1310511632999,77.174,96.99199999999999,80.34200000000001,71.11,5.19815026716235,0,LOW,1
ENR000379,BSSE036,Male,Bachelor of Science in Software Engineering,1,1,COMM1101,Communication Skills I,1,NEW,79.76,79.79,76.36,94.71,5,0.0,0,82.73,PASS,LOW,78.749,0.842149631279735,0,0,1.9717082272317443,77.174,96.99199999999999,80.34200000000001,71.11,5.19815026716235,0,LOW,1
ENR000380,BSSE036,Male,Bachelor of Science in Software Engineering,1,1,BICT1103,Computer and Communication Technology,1,NEW,78.11,78.11,75.64,96.77,5,0.0,0,73.03,PASS,LOW,77.369,0.8071715606932355,0,0,1.426055164898375,77.174,96.99199999999999,80.34200000000001,71.11,5.19815026716235,0,LOW,1
ENR000381,BSSE037,Male,Bachelor of Science in Software Engineering,1,1,SE1101,Fundamentals of Software Engineering,1,NEW,29.65,30.01,26.68,42.49,6,0.0,1,30.12,FAIL,HIGH,28.866999999999997,0.6978110854763271,1,1,1.8275393292621642,33.025999999999996,47.412,35.922000000000004,28.678000000000004,8.3481188180332,5,AT_RISK,0
ENR000382,BSSE037,Male,Bachelor of Science in Software Engineering,1,1,BICT1102,Introduction to Programming,1,NEW,33.31,40.51,24.94,48.65,6,0.0,1,27.72,FAIL,HIGH,32.959,0.6846863957479146,1,1,7.792323145250072,33.025999999999996,47.412,35.922000000000004,28.678000000000004,8.3481188180332,5,AT_RISK,0
ENR000383,BSSE037,Male,Bachelor of Science in Software Engineering,1,1,MATH1102,Discrete Mathematics,1,NEW,21.62,33.44,10.19,48.94,6,0.0,1,24.96,FAIL,HIGH,21.737000000000002,0.44176533678681307,1,1,11.62554514850809,33.025999999999996,47.412,35.922000000000004,28.678000000000004,8.3481188180332,5,AT_RISK,0
ENR000384,BSSE037,Male,Bachelor of Science in Software Engineering,1,1,COMM1101,Communication Skills I,1,NEW,44.57,42.11,46.77,51.58,6,0.0,1,49.62,FAIL,HIGH,44.492000000000004,0.8640944427889796,1,1,2.331208556378717,33.025999999999996,47.412,35.922000000000004,28.678000000000004,8.3481188180332,5,AT_RISK,0
ENR000385,BSSE037,Male,Bachelor of Science in Software Engineering,1,1,BICT1103,Computer and Communication Technology,1,NEW,35.98,33.54,34.81,45.4,6,0.0,1,34.74,FAIL,HIGH,34.897,0.7925108386540002,1,1,1.2203414822636043,33.025999999999996,47.412,35.922000000000004,28.678000000000004,8.3481188180332,5,AT_RISK,0
ENR000386,BSSE038,Male,Bachelor of Science in Software Engineering,1,1,SE1101,Fundamentals of Software Engineering,1,NEW,40.79,47.87,35.37,70.41,5,0.0,0,33.3,FAIL,HIGH,41.288,0.5793210368809776,1,0,6.268343747221695,47.715999999999994,68.13,51.384,43.11,3.7942705886639145,3,AT_RISK,0
ENR000387,BSSE038,Male,Bachelor of Science in Software Engineering,1,1,BICT1102,Introduction to Programming,1,NEW,48.85,52.8,40.54,65.97,5,0.0,0,46.03,FAIL,HIGH,47.542,0.7404879884056407,1,1,6.257877702011547,47.715999999999994,68.13,51.384,43.11,3.7942705886639145,3,AT_RISK,0
ENR000388,BSSE038,Male,Bachelor of Science in Software Engineering,1,1,MATH1102,Discrete Mathematics,1,NEW,48.48,57.78,36.07,69.2,5,0.0,0,41.88,FAIL,HIGH,47.547,0.7005779334424951,1,1,10.892062859409751,47.715999999999994,68.13,51.384,43.11,3.7942705886639145,3,AT_RISK,0
ENR000389,BSSE038,Male,Bachelor of Science in Software Engineering,1,1,COMM1101,Communication Skills I,1,NEW,50.08,49.83,47.88,70.68,5,0.0,0,56.24,PASS,MEDIUM,49.345,0.7085454571950399,0,0,1.2045054310103078,47.715999999999994,68.13,51.384,43.11,3.7942705886639145,3,AT_RISK,0
ENR000390,BSSE038,Male,Bachelor of Science in Software Engineering,1,1,BICT1103,Computer and Communication Technology,1,NEW,50.38,48.64,55.69,64.39,5,0.0,0,62.23,PASS,MEDIUM,51.45099999999999,0.7824195088648068,0,1,3.672560414751538,47.715999999999994,68.13,51.384,43.11,3.7942705886639145,3,AT_RISK,0
ENR000391,BSSE039,Female,Bachelor of Science in Software Engineering,1,1,SE1101,Fundamentals of Software Engineering,1,NEW,33.4,39.98,27.31,53.15,6,0.0,1,32.3,FAIL,HIGH,33.547,0.6284100416914314,1,1,6.336578992905661,35.29600000000001,51.715999999999994,38.352,32.698,3.432689077093931,5,AT_RISK,0
ENR000392,BSSE039,Female,Bachelor of Science in Software Engineering,1,1,BICT1102,Introduction to Programming,1,NEW,30.5,39.72,21.96,50.46,6,0.0,1,19.97,FAIL,HIGH,30.704,0.6044390399447007,1,1,8.882169404674363,35.29600000000001,51.715999999999994,38.352,32.698,3.432689077093931,5,AT_RISK,0
ENR000393,BSSE039,Female,Bachelor of Science in Software Engineering,1,1,MATH1102,Discrete Mathematics,1,NEW,36.25,32.88,37.27,44.22,6,0.0,1,32.74,FAIL,HIGH,35.545,0.8197646269188994,1,1,2.2974406049631253,35.29600000000001,51.715999999999994,38.352,32.698,3.432689077093931,5,AT_RISK,0
ENR000394,BSSE039,Female,Bachelor of Science in Software Engineering,1,1,COMM1101,Communication Skills I,1,NEW,37.77,37.17,41.91,53.42,6,0.0,1,49.76,FAIL,HIGH,38.832,0.7070384299815743,1,1,2.5809300649184554,35.29600000000001,51.715999999999994,38.352,32.698,3.432689077093931,5,AT_RISK,0
ENR000395,BSSE039,Female,Bachelor of Science in Software Engineering,1,1,BICT1103,Computer and Communication Technology,1,NEW,38.56,42.01,35.04,57.33,6,0.0,1,42.42,FAIL,HIGH,38.539,0.6725971267055422,1,1,3.4850585839169663,35.29600000000001,51.715999999999994,38.352,32.698,3.432689077093931,5,AT_RISK,0
ENR000396,BSSE040,Female,Bachelor of Science in Software Engineering,1,1,SE1101,Fundamentals of Software Engineering,1,NEW,77.8,76.9,82.41,81.58,5,0.0,0,69.26,PASS,LOW,78.91300000000001,0.9536649970991667,0,0,2.9558473122496216,75.652,84.106,77.11600000000001,73.94,6.030870608792735,0,LOW,1
ENR000397,BSSE040,Female,Bachelor of Science in Software Engineering,1,1,BICT1102,Introduction to Programming,1,NEW,74.08,77.68,69.75,84.53,5,0.0,0,68.49,PASS,LOW,73.861,0.8763751477138119,0,0,3.970596092947929,75.652,84.106,77.11600000000001,73.94,6.030870608792735,0,LOW,1
ENR000398,BSSE040,Female,Bachelor of Science in Software Engineering,1,1,MATH1102,Discrete Mathematics,1,NEW,67.38,71.28,63.8,89.84,5,0.0,0,54.19,PASS,LOW,67.476,0.7499999165182638,0,0,3.7411406460240637,75.652,84.106,77.11600000000001,73.94,6.030870608792735,0,LOW,1
ENR000399,BSSE040,Female,Bachelor of Science in Software Engineering,1,1,COMM1101,Communication Skills I,1,NEW,83.76,85.26,81.56,83.17,5,0.0,0,77.98,PASS,LOW,83.55000000000001,1.0070937829633542,0,0,1.861003313627716,75.652,84.106,77.11600000000001,73.94,6.030870608792735,0,LOW,1
ENR000400,BSSE040,Female,Bachelor of Science in Software Engineering,1,1,BICT1103,Computer and Communication Technology,1,NEW,75.24,74.46,72.18,81.41,5,0.0,0,77.28,PASS,LOW,74.088,0.92421067139041,0,0,1.5900943368240699,75.652,84.106,77.11600000000001,73.94,6.030870608792735,0,LOW,1
ENR000401,BSCS001,Female,Bachelor of Science in Computer Science,1,1,CS1101,Introduction to Computer Systems,1,NEW,74.3,76.68,74.96,89.47,5,0.0,0,70.15,PASS,LOW,75.212,0.8304458667211504,0,0,1.228712062825684,68.898,86.62,74.434,61.314,6.9116667526726125,0,LOW,1
ENR000402,BSCS001,Female,Bachelor of Science in Computer Science,1,1,BICT1102,Introduction to Programming,1,NEW,65.59,67.35,60.87,82.45,5,0.0,0,61.4,PASS,LOW,64.702,0.7955123352926216,0,0,3.3507810034875942,68.898,86.62,74.434,61.314,6.9116667526726125,0,LOW,1
ENR000403,BSCS001,Female,Bachelor of Science in Computer Science,1,1,MATH1101,Precalculus,1,NEW,64.34,70.59,51.81,86.2,5,0.0,0,48.12,PASS,LOW,62.456,0.746403625707236,0,0,9.563400720106491,68.898,86.62,74.434,61.314,6.9116667526726125,0,LOW,1
ENR000404,BSCS001,Female,Bachelor of Science in Computer Science,1,1,COMM1101,Communication Skills I,1,NEW,76.18,80.66,72.27,88.22,5,0.0,0,76.56,PASS,LOW,76.351,0.8635229127722838,0,0,4.198225815746456,68.898,86.62,74.434,61.314,6.9116667526726125,0,LOW,1
ENR000405,BSCS001,Female,Bachelor of Science in Computer Science,1,1,CS1102,Digital Logic Design,1,NEW,64.08,76.89,46.66,86.76,5,0.0,0,49.08,PASS,LOW,62.697,0.7385891264881135,0,0,15.173471367269041,68.898,86.62,74.434,61.314,6.9116667526726125,0,LOW,1
ENR000406,BSCS002,Female,Bachelor of Science in Computer Science,1,1,CS1101,Introduction to Computer Systems,1,NEW,72.2,65.75,72.58,85.78,5,0.0,0,64.49,PASS,LOW,70.37899999999999,0.8416879410482698,0,0,3.838311260611017,72.25,83.672,71.77000000000001,70.326,4.7453415261706935,0,LOW,1
ENR000407,BSCS002,Female,Bachelor of Science in Computer Science,1,1,BICT1102,Introduction to Programming,1,NEW,67.99,69.87,66.04,84.18,5,0.0,0,61.17,PASS,LOW,67.969,0.8076739358904803,0,0,1.9151066114797186,72.25,83.672,71.77000000000001,70.326,4.7453415261706935,0,LOW,1
ENR000408,BSCS002,Female,Bachelor of Science in Computer Science,1,1,MATH1101,Precalculus,1,NEW,72.68,82.62,60.58,85.38,5,0.0,0,57.56,PASS,LOW,72.03200000000001,0.8512531211931225,0,0,11.037626556465845,72.25,83.672,71.77000000000001,70.326,4.7453415261706935,0,LOW,1
ENR000409,BSCS002,Female,Bachelor of Science in Computer Science,1,1,COMM1101,Communication Skills I,1,NEW,79.74,73.94,84.47,79.6,5,0.0,0,81.77,PASS,LOW,79.419,1.0017586681207704,0,0,5.27405283755608,72.25,83.672,71.77000000000001,70.326,4.7453415261706935,0,LOW,1
ENR000410,BSCS002,Female,Bachelor of Science in Computer Science,1,1,CS1102,Digital Logic Design,1,NEW,68.64,66.67,67.96,83.42,5,0.0,0,63.7,PASS,LOW,67.845,0.8228241641304046,0,0,1.0006164766449386,72.25,83.672,71.77000000000001,70.326,4.7453415261706935,0,LOW,1
ENR000411,BSCS003,Male,Bachelor of Science in Computer Science,1,1,CS1101,Introduction to Computer Systems,1,NEW,57.54,53.71,62.1,67.58,5,0.0,0,56.76,PASS,MEDIUM,57.759,0.8514352099089657,0,1,4.200289672550375,50.08,70.24199999999999,52.128,48.28,5.701332633691882,3,AT_RISK,0
ENR000412,BSCS003,Male,Bachelor of Science in Computer Science,1,1,BICT1102,Introduction to Programming,1,NEW,48.88,57.47,42.25,66.74,5,0.0,0,52.61,PASS,HIGH,49.468,0.732394256458757,1,1,7.631004739438532,50.08,70.24199999999999,52.128,48.28,5.701332633691882,3,AT_RISK,0
ENR000413,BSCS003,Male,Bachelor of Science in Computer Science,1,1,MATH1101,Precalculus,1,NEW,44.23,53.64,31.79,75.01,5,0.0,0,34.47,FAIL,HIGH,43.321,0.589654634094836,1,0,10.959958941528933,50.08,70.24199999999999,52.128,48.28,5.701332633691882,3,AT_RISK,0
ENR000414,BSCS003,Male,Bachelor of Science in Computer Science,1,1,COMM1101,Communication Skills I,1,NEW,52.56,45.91,62.84,72.49,5,0.0,0,64.52,PASS,MEDIUM,53.649,0.7250654262566664,0,0,8.529613121355508,50.08,70.24199999999999,52.128,48.28,5.701332633691882,3,AT_RISK,0
ENR000415,BSCS003,Male,Bachelor of Science in Computer Science,1,1,CS1102,Digital Logic Design,1,NEW,47.19,49.91,42.42,69.39,5,0.0,0,45.12,FAIL,HIGH,46.575,0.680069076225814,1,1,3.7914684929896643,50.08,70.24199999999999,52.128,48.28,5.701332633691882,3,AT_RISK,0
ENR000416,BSCS004,Male,Bachelor of Science in Computer Science,1,1,CS1101,Introduction to Computer Systems,1,NEW,59.45,66.71,54.89,71.63,6,0.0,0,50.32,PASS,MEDIUM,60.26,0.8299593983024713,0,0,5.961174380942061,58.07000000000001,73.532,61.45399999999999,54.612,3.258081674851017,0,AT_RISK,0
ENR000417,BSCS004,Male,Bachelor of Science in Computer Science,1,1,BICT1102,Introduction to Programming,1,NEW,59.15,65.16,48.6,77.13,6,0.0,0,45.07,PASS,LOW,57.788,0.7668869743437088,0,0,8.383080181731133,58.07000000000001,73.532,61.45399999999999,54.612,3.258081674851017,0,LOW,1
ENR000418,BSCS004,Male,Bachelor of Science in Computer Science,1,1,MATH1101,Precalculus,1,NEW,53.44,54.53,49.69,77.83,6,0.0,0,47.23,FAIL,MEDIUM,52.641999999999996,0.6866246066266726,0,0,2.5389039629992585,58.07000000000001,73.532,61.45399999999999,54.612,3.258081674851017,0,AT_RISK,0
ENR000419,BSCS004,Male,Bachelor of Science in Computer Science,1,1,COMM1101,Communication Skills I,1,NEW,61.21,58.16,63.06,67.47,6,0.0,0,72.31,PASS,MEDIUM,60.849999999999994,0.907217888362548,0,1,2.474368606331727,58.07000000000001,73.532,61.45399999999999,54.612,3.258081674851017,0,AT_RISK,0
ENR000420,BSCS004,Male,Bachelor of Science in Computer Science,1,1,CS1102,Digital Logic Design,1,NEW,57.1,62.71,56.82,73.6,6,0.0,0,57.08,PASS,MEDIUM,58.699,0.7758151119816424,0,0,3.3227147535311143,58.07000000000001,73.532,61.45399999999999,54.612,3.258081674851017,0,AT_RISK,0
ENR000421,BSCS005,Female,Bachelor of Science in Computer Science,1,1,CS1101,Introduction to Computer Systems,1,NEW,67.61,70.56,64.55,86.9,5,0.0,0,61.1,PASS,LOW,67.577,0.7780206239331847,0,0,3.005167771245617,68.816,85.30199999999999,73.712,64.92999999999999,4.406148715147956,0,LOW,1
ENR000422,BSCS005,Female,Bachelor of Science in Computer Science,1,1,BICT1102,Introduction to Programming,1,NEW,65.48,74.39,54.57,81.17,5,0.0,0,62.55,PASS,LOW,64.88,0.8067018841071968,0,0,9.926803782352774,68.816,85.30199999999999,73.712,64.92999999999999,4.406148715147956,0,LOW,1
ENR000423,BSCS005,Female,Bachelor of Science in Computer Science,1,1,MATH1101,Precalculus,1,NEW,64.94,66.7,66.11,78.61,5,0.0,0,58.87,PASS,LOW,65.819,0.8261034440779234,0,0,0.8957864328808166,68.816,85.30199999999999,73.712,64.92999999999999,4.406148715147956,0,LOW,1
ENR000424,BSCS005,Female,Bachelor of Science in Computer Science,1,1,COMM1101,Communication Skills I,1,NEW,74.73,77.07,74.19,87.36,5,0.0,0,86.87,PASS,LOW,75.27,0.8554257262562127,0,0,1.530882098660765,68.816,85.30199999999999,73.712,64.92999999999999,4.406148715147956,0,LOW,1
ENR000425,BSCS005,Female,Bachelor of Science in Computer Science,1,1,CS1102,Digital Logic Design,1,NEW,71.32,79.84,65.23,92.47,5,0.0,0,63.13,PASS,LOW,72.04899999999999,0.7712770875660119,0,0,7.338603409368843,68.816,85.30199999999999,73.712,64.92999999999999,4.406148715147956,0,LOW,1
ENR000426,BSCS006,Female,Bachelor of Science in Computer Science,1,1,CS1101,Introduction to Computer Systems,1,NEW,77.02,83.7,67.19,94.12,5,0.0,0,68.79,PASS,LOW,76.075,0.8183169551299452,0,0,8.304932269440854,78.348,88.86800000000001,79.986,73.89399999999999,5.79079521309466,0,LOW,1
ENR000427,BSCS006,Female,Bachelor of Science in Computer Science,1,1,BICT1102,Introduction to Programming,1,NEW,84.64,79.2,80.75,86.97,5,0.0,0,83.35,PASS,LOW,81.84100000000001,0.973209040679655,0,0,2.802623770683464,78.348,88.86800000000001,79.986,73.89399999999999,5.79079521309466,0,LOW,1
ENR000428,BSCS006,Female,Bachelor of Science in Computer Science,1,1,MATH1101,Precalculus,1,NEW,76.1,80.9,72.27,87.78,5,0.0,0,81.89,PASS,LOW,76.39099999999999,0.8669399787035794,0,0,4.32407600919935,78.348,88.86800000000001,79.986,73.89399999999999,5.79079521309466,0,LOW,1
ENR000429,BSCS006,Female,Bachelor of Science in Computer Science,1,1,COMM1101,Communication Skills I,1,NEW,84.41,81.3,86.27,89.43,5,0.0,0,93.01,PASS,LOW,84.035,0.9438666058518833,0,0,2.5110621922472034,78.348,88.86800000000001,79.986,73.89399999999999,5.79079521309466,0,LOW,1
ENR000430,BSCS006,Female,Bachelor of Science in Computer Science,1,1,CS1102,Digital Logic Design,1,NEW,69.57,74.83,62.99,86.04,5,0.0,0,70.42,PASS,LOW,69.17399999999999,0.8085773118808329,0,0,5.932250837582643,78.348,88.86800000000001,79.986,73.89399999999999,5.79079521309466,0,LOW,1
ENR000431,BSCS007,Female,Bachelor of Science in Computer Science,1,1,CS1101,Introduction to Computer Systems,1,NEW,55.13,63.24,48.19,76.35,6,0.0,0,58.34,PASS,LOW,55.481,0.7220693225842407,0,0,7.532575920626358,56.158,75.50800000000001,62.346000000000004,51.306,4.167147129631975,0,LOW,1
ENR000432,BSCS007,Female,Bachelor of Science in Computer Science,1,1,BICT1102,Introduction to Programming,1,NEW,52.03,59.62,48.99,79.77,6,0.0,0,47.75,FAIL,MEDIUM,53.394999999999996,0.6522501376143741,0,0,5.4748911709122865,56.158,75.50800000000001,62.346000000000004,51.306,4.167147129631975,0,AT_RISK,0
ENR000433,BSCS007,Female,Bachelor of Science in Computer Science,1,1,MATH1101,Precalculus,1,NEW,57.32,64.03,50.46,79.93,6,0.0,0,52.56,PASS,LOW,57.275000000000006,0.7171273968313027,0,0,6.785138171032333,56.158,75.50800000000001,62.346000000000004,51.306,4.167147129631975,0,LOW,1
ENR000434,BSCS007,Female,Bachelor of Science in Computer Science,1,1,COMM1101,Communication Skills I,1,NEW,63.84,62.47,63.74,73.73,6,0.0,0,64.14,PASS,MEDIUM,63.399,0.8658618112217806,0,0,0.7637407937252033,56.158,75.50800000000001,62.346000000000004,51.306,4.167147129631975,0,AT_RISK,0
ENR000435,BSCS007,Female,Bachelor of Science in Computer Science,1,1,CS1102,Digital Logic Design,1,NEW,52.47,62.37,45.15,67.76,6,0.0,0,52.46,PASS,MEDIUM,53.244,0.774350535072235,0,1,8.642152509647119,56.158,75.50800000000001,62.346000000000004,51.306,4.167147129631975,0,AT_RISK,0
ENR000436,BSCS008,Female,Bachelor of Science in Computer Science,1,1,CS1101,Introduction to Computer Systems,1,NEW,37.61,44.57,27.02,59.89,5,0.0,0,37.23,FAIL,HIGH,36.521,0.6279845336475983,1,1,8.837346886933885,34.116,55.67,37.432,28.796000000000003,3.3041301729804755,5,AT_RISK,0
ENR000437,BSCS008,Female,Bachelor of Science in Computer Science,1,1,BICT1102,Introduction to Programming,1,NEW,29.74,40.49,17.77,55.94,5,0.0,0,18.59,FAIL,HIGH,29.374000000000002,0.5316409489379783,1,1,11.365457902492683,34.116,55.67,37.432,28.796000000000003,3.3041301729804755,5,AT_RISK,0
ENR000438,BSCS008,Female,Bachelor of Science in Computer Science,1,1,MATH1101,Precalculus,1,NEW,30.6,30.78,32.31,52.01,5,0.0,0,37.46,FAIL,HIGH,31.167,0.5883482814173656,1,1,0.9396275858019502,34.116,55.67,37.432,28.796000000000003,3.3041301729804755,5,AT_RISK,0
ENR000439,BSCS008,Female,Bachelor of Science in Computer Science,1,1,COMM1101,Communication Skills I,1,NEW,34.65,31.0,34.59,55.28,5,0.0,0,38.26,FAIL,HIGH,33.537,0.6268088591156188,1,1,2.0902232735603476,34.116,55.67,37.432,28.796000000000003,3.3041301729804755,5,AT_RISK,0
ENR000440,BSCS008,Female,Bachelor of Science in Computer Science,1,1,CS1102,Digital Logic Design,1,NEW,37.98,40.32,32.29,55.23,5,0.0,0,43.19,FAIL,HIGH,36.974999999999994,0.687669620193804,1,1,4.129822433632387,34.116,55.67,37.432,28.796000000000003,3.3041301729804755,5,AT_RISK,0
ENR000441,BSCS009,Male,Bachelor of Science in Computer Science,1,1,CS1101,Introduction to Computer Systems,1,NEW,65.01,71.31,61.59,76.39,4,0.0,0,66.19,PASS,LOW,65.87400000000001,0.8510275100107986,0,0,4.930598340972422,64.296,78.03,71.898,58.412,1.6669559982195115,0,LOW,1
ENR000442,BSCS009,Male,Bachelor of Science in Computer Science,1,1,BICT1102,Introduction to Programming,1,NEW,63.55,70.68,57.11,77.85,4,0.0,0,53.5,PASS,LOW,63.757,0.8163133183926373,0,0,6.787923099151908,64.296,78.03,71.898,58.412,1.6669559982195115,0,LOW,1
ENR000443,BSCS009,Male,Bachelor of Science in Computer Science,1,1,MATH1101,Precalculus,1,NEW,61.78,77.01,49.34,81.6,4,0.0,0,46.05,PASS,LOW,62.617000000000004,0.7571077503544424,0,0,13.858423431256531,64.296,78.03,71.898,58.412,1.6669559982195115,0,LOW,1
ENR000444,BSCS009,Male,Bachelor of Science in Computer Science,1,1,COMM1101,Communication Skills I,1,NEW,65.99,69.26,65.48,75.44,4,0.0,0,63.26,PASS,LOW,66.81800000000001,0.8747347727021775,0,0,2.0510728899773434,64.296,78.03,71.898,58.412,1.6669559982195115,0,LOW,1
ENR000445,BSCS009,Male,Bachelor of Science in Computer Science,1,1,CS1102,Digital Logic Design,1,NEW,65.15,71.23,58.54,78.87,4,0.0,0,57.76,PASS,LOW,64.991,0.8260427505968365,0,0,6.346844360257573,64.296,78.03,71.898,58.412,1.6669559982195115,0,LOW,1
ENR000446,BSCS010,Male,Bachelor of Science in Computer Science,1,1,CS1101,Introduction to Computer Systems,1,NEW,76.12,72.2,77.6,100.0,5,0.0,0,71.06,PASS,LOW,75.388,0.7611999238800077,0,0,2.790364372861242,75.688,98.91,80.846,69.71000000000001,3.496827991194308,0,LOW,1
ENR000447,BSCS010,Male,Bachelor of Science in Computer Science,1,1,BICT1102,Introduction to Programming,1,NEW,71.57,86.15,59.75,99.32,5,0.0,0,72.9,PASS,LOW,72.398,0.7206000079943609,0,0,13.224023593445382,75.688,98.91,80.846,69.71000000000001,3.496827991194308,0,LOW,1
ENR000448,BSCS010,Male,Bachelor of Science in Computer Science,1,1,MATH1101,Precalculus,1,NEW,73.85,80.45,66.09,97.13,5,0.0,0,60.89,PASS,LOW,73.50200000000001,0.7603211407061524,0,0,7.187804486304098,75.688,98.91,80.846,69.71000000000001,3.496827991194308,0,LOW,1
ENR000449,BSCS010,Male,Bachelor of Science in Computer Science,1,1,COMM1101,Communication Skills I,1,NEW,81.33,84.54,78.24,100.0,5,0.0,0,75.58,PASS,LOW,81.36600000000001,0.8132999186700081,0,0,3.150190470431913,75.688,98.91,80.846,69.71000000000001,3.496827991194308,0,LOW,1
ENR000450,BSCS010,Male,Bachelor of Science in Computer Science,1,1,CS1102,Digital Logic Design,1,NEW,75.57,80.89,66.87,98.1,5,0.0,0,69.7,PASS,LOW,74.556,0.7703363129116908,0,0,7.077579623948663,75.688,98.91,80.846,69.71000000000001,3.496827991194308,0,LOW,1
ENR000451,BSCS011,Male,Bachelor of Science in Computer Science,1,1,CS1101,Introduction to Computer Systems,2,RETURNING,37.03,37.73,37.45,42.77,6,0.0,0,35.94,FAIL,HIGH,37.366,0.8657935782572881,1,1,0.35232560697929977,34.818,42.228,36.992000000000004,31.314,2.915749903541111,5,AT_RISK,0
ENR000452,BSCS011,Male,Bachelor of Science in Computer Science,1,1,BICT1102,Introduction to Programming,2,RETURNING,32.0,37.61,21.13,46.17,6,0.0,0,34.44,FAIL,HIGH,30.421999999999997,0.6930906014531943,1,1,8.37873697721401,34.818,42.228,36.992000000000004,31.314,2.915749903541111,5,AT_RISK,0
ENR000453,BSCS011,Male,Bachelor of Science in Computer Science,1,1,MATH1101,Precalculus,2,RETURNING,32.56,40.27,24.06,37.69,6,0.0,0,27.29,FAIL,HIGH,32.323,0.8638893966862837,1,1,8.108207775663706,34.818,42.228,36.992000000000004,31.314,2.915749903541111,5,AT_RISK,0
ENR000454,BSCS011,Male,Bachelor of Science in Computer Science,1,1,COMM1101,Communication Skills I,2,RETURNING,35.21,34.39,38.78,41.92,6,0.0,0,34.46,FAIL,HIGH,36.035000000000004,0.8399330057411722,1,1,2.3341450968895088,34.818,42.228,36.992000000000004,31.314,2.915749903541111,5,AT_RISK,0
ENR000455,BSCS011,Male,Bachelor of Science in Computer Science,1,1,CS1102,Digital Logic Design,2,RETURNING,37.29,34.96,35.15,42.59,6,0.0,0,30.2,FAIL,HIGH,35.949,0.8755574370609445,1,1,1.2938701635017322,34.818,42.228,36.992000000000004,31.314,2.915749903541111,5,AT_RISK,0
ENR000456,BSCS012,Female,Bachelor of Science in Computer Science,1,1,CS1101,Introduction to Computer Systems,1,NEW,58.63,58.23,57.58,72.39,6,0.0,1,51.27,PASS,MEDIUM,58.19499999999999,0.8099183851473428,0,0,0.5299371031861567,58.565999999999995,72.202,59.94,55.286,3.091781638473198,0,AT_RISK,0
ENR000457,BSCS012,Female,Bachelor of Science in Computer Science,1,1,BICT1102,Introduction to Programming,1,NEW,52.91,62.85,42.86,73.98,6,0.0,1,52.1,PASS,MEDIUM,52.876999999999995,0.7151931988114085,0,0,9.995050441760329,58.565999999999995,72.202,59.94,55.286,3.091781638473198,0,AT_RISK,0
ENR000458,BSCS012,Female,Bachelor of Science in Computer Science,1,1,MATH1101,Precalculus,1,NEW,59.33,62.26,58.76,69.66,6,0.0,1,46.91,PASS,MEDIUM,60.038,0.8517081751782694,0,1,1.8779332611499626,58.565999999999995,72.202,59.94,55.286,3.091781638473198,0,AT_RISK,0
ENR000459,BSCS012,Female,Bachelor of Science in Computer Science,1,1,COMM1101,Communication Skills I,1,NEW,62.1,61.23,58.61,71.71,6,0.0,1,56.48,PASS,MEDIUM,60.792,0.8659878864889295,0,0,1.8166544342095814,58.565999999999995,72.202,59.94,55.286,3.091781638473198,0,AT_RISK,0
ENR000460,BSCS012,Female,Bachelor of Science in Computer Science,1,1,CS1102,Digital Logic Design,1,NEW,59.86,55.13,58.62,73.27,6,0.0,1,52.73,PASS,MEDIUM,58.069,0.8169781879380118,0,0,2.4525700805481563,58.565999999999995,72.202,59.94,55.286,3.091781638473198,0,AT_RISK,0
ENR000461,BSCS013,Male,Bachelor of Science in Computer Science,1,1,CS1101,Introduction to Computer Systems,1,NEW,68.38,73.5,69.03,89.61,5,0.0,0,69.62,PASS,LOW,70.111,0.7630843920227215,0,0,2.7874062017103536,69.578,92.61600000000001,74.876,67.432,1.4239867625789222,0,LOW,1
ENR000462,BSCS013,Male,Bachelor of Science in Computer Science,1,1,BICT1102,Introduction to Programming,1,NEW,69.18,70.84,71.29,88.4,5,0.0,0,72.62,PASS,LOW,70.311,0.7825790969933148,0,0,1.111320535819136,69.578,92.61600000000001,74.876,67.432,1.4239867625789222,0,LOW,1
ENR000463,BSCS013,Male,Bachelor of Science in Computer Science,1,1,MATH1101,Precalculus,1,NEW,69.6,72.48,65.7,90.04,5,0.0,0,68.9,PASS,LOW,69.294,0.7729896964693805,0,0,3.402763582736832,69.578,92.61600000000001,74.876,67.432,1.4239867625789222,0,LOW,1
ENR000464,BSCS013,Male,Bachelor of Science in Computer Science,1,1,COMM1101,Communication Skills I,1,NEW,72.0,73.97,73.29,95.03,5,0.0,0,72.23,PASS,LOW,72.97800000000001,0.7576553974896982,0,0,1.00061647664494,69.578,92.61600000000001,74.876,67.432,1.4239867625789222,0,LOW,1
ENR000465,BSCS013,Male,Bachelor of Science in Computer Science,1,1,CS1102,Digital Logic Design,1,NEW,68.73,83.59,57.85,100.0,5,0.0,0,67.98,PASS,LOW,69.924,0.6872999312700069,0,0,12.921181576517426,69.578,92.61600000000001,74.876,67.432,1.4239867625789222,0,LOW,1
ENR000466,BSCS014,Female,Bachelor of Science in Computer Science,1,1,CS1101,Introduction to Computer Systems,1,NEW,77.65,77.9,77.16,88.27,5,0.0,0,64.25,PASS,LOW,77.578,0.8796872233276058,0,0,0.3764306044943792,76.968,89.564,77.372,74.446,3.333136330845165,0,LOW,1
ENR000467,BSCS014,Female,Bachelor of Science in Computer Science,1,1,BICT1102,Introduction to Programming,1,NEW,76.76,74.3,70.26,88.37,5,0.0,0,74.18,PASS,LOW,74.072,0.8686204742989165,0,0,3.2818490722964895,76.968,89.564,77.372,74.446,3.333136330845165,0,LOW,1
ENR000468,BSCS014,Female,Bachelor of Science in Computer Science,1,1,MATH1101,Precalculus,1,NEW,77.17,83.05,70.04,88.04,5,0.0,0,74.76,PASS,LOW,76.795,0.8765332943510569,0,0,6.51500063954972,76.968,89.564,77.372,74.446,3.333136330845165,0,LOW,1
ENR000469,BSCS014,Female,Bachelor of Science in Computer Science,1,1,COMM1101,Communication Skills I,1,NEW,80.1,76.1,86.88,97.52,5,0.0,0,89.71,PASS,LOW,80.934,0.8213698911638749,0,0,5.44941587083729,76.968,89.564,77.372,74.446,3.333136330845165,0,LOW,1
ENR000470,BSCS014,Female,Bachelor of Science in Computer Science,1,1,CS1102,Digital Logic Design,1,NEW,73.16,75.51,67.89,85.62,5,0.0,0,74.83,PASS,LOW,72.284,0.8544731541143243,0,0,3.9021318959426967,76.968,89.564,77.372,74.446,3.333136330845165,0,LOW,1
ENR000471,BSCS015,Female,Bachelor of Science in Computer Science,1,1,CS1101,Introduction to Computer Systems,1,NEW,27.07,27.46,27.6,47.55,6,0.0,2,42.84,FAIL,HIGH,27.346,0.569295358718116,1,1,0.2746512940681941,27.468,48.512,27.028,26.898000000000003,1.7861520092086243,5,AT_RISK,0
ENR000472,BSCS015,Female,Bachelor of Science in Computer Science,1,1,BICT1102,Introduction to Programming,1,NEW,25.98,28.47,20.43,52.12,6,0.0,2,35.46,FAIL,HIGH,25.061999999999998,0.4984649849453214,1,1,4.115908162240746,27.468,48.512,27.028,26.898000000000003,1.7861520092086243,5,AT_RISK,0
ENR000473,BSCS015,Female,Bachelor of Science in Computer Science,1,1,MATH1101,Precalculus,1,NEW,27.86,23.13,31.43,44.04,6,0.0,2,20.34,FAIL,HIGH,27.512,0.6326065775189423,1,1,4.163488120954993,27.468,48.512,27.028,26.898000000000003,1.7861520092086243,5,AT_RISK,0
ENR000474,BSCS015,Female,Bachelor of Science in Computer Science,1,1,COMM1101,Communication Skills I,1,NEW,30.11,22.32,36.92,52.52,6,0.0,2,42.44,FAIL,HIGH,29.816000000000003,0.5733052983043986,1,1,7.305479678524425,27.468,48.512,27.028,26.898000000000003,1.7861520092086243,5,AT_RISK,0
ENR000475,BSCS015,Female,Bachelor of Science in Computer Science,1,1,CS1102,Digital Logic Design,1,NEW,26.32,33.76,18.11,46.33,6,0.0,2,16.98,FAIL,HIGH,26.089,0.5680983017271095,1,1,7.82815644537929,27.468,48.512,27.028,26.898000000000003,1.7861520092086243,5,AT_RISK,0
ENR000476,BSCS016,Male,Bachelor of Science in Computer Science,1,1,CS1101,Introduction to Computer Systems,2,RETURNING,35.7,40.39,30.88,45.63,7,0.0,2,25.55,FAIL,HIGH,35.661,0.782379841687521,1,1,4.755148087424128,36.356,43.904,37.007999999999996,35.757999999999996,4.842398238476469,5,AT_RISK,0
ENR000477,BSCS016,Male,Bachelor of Science in Computer Science,1,1,BICT1102,Introduction to Programming,2,RETURNING,36.22,34.52,41.25,41.83,7,0.0,2,43.08,FAIL,HIGH,37.219,0.8658855209453691,1,1,3.4996142644582977,36.356,43.904,37.007999999999996,35.757999999999996,4.842398238476469,5,AT_RISK,0
ENR000478,BSCS016,Male,Bachelor of Science in Computer Science,1,1,MATH1101,Precalculus,2,RETURNING,37.11,37.99,35.12,47.02,7,0.0,2,34.84,FAIL,HIGH,36.777,0.7892384540113878,1,1,1.4703400967123241,36.356,43.904,37.007999999999996,35.757999999999996,4.842398238476469,5,AT_RISK,0
ENR000479,BSCS016,Male,Bachelor of Science in Computer Science,1,1,COMM1101,Communication Skills I,2,RETURNING,42.33,41.23,45.31,42.82,7,0.0,2,37.86,FAIL,HIGH,42.894,0.9885565183193558,1,1,2.110955549824142,36.356,43.904,37.007999999999996,35.757999999999996,4.842398238476469,5,AT_RISK,0
ENR000480,BSCS016,Male,Bachelor of Science in Computer Science,1,1,CS1102,Digital Logic Design,2,RETURNING,30.42,30.91,26.23,42.22,7,0.0,2,24.1,FAIL,HIGH,29.31,0.7205114352175662,1,1,2.572242860488359,36.356,43.904,37.007999999999996,35.757999999999996,4.842398238476469,5,AT_RISK,0
ENR000481,BSCS017,Female,Bachelor of Science in Computer Science,1,1,CS1101,Introduction to Computer Systems,1,NEW,47.22,45.53,48.29,71.68,5,0.0,0,56.19,PASS,MEDIUM,47.034,0.6587610688112348,1,0,1.3915578799796042,48.766,69.574,53.036,46.148,4.563293580299212,3,AT_RISK,0
ENR000482,BSCS017,Female,Bachelor of Science in Computer Science,1,1,BICT1102,Introduction to Programming,1,NEW,46.08,45.5,48.57,66.32,5,0.0,0,37.72,FAIL,HIGH,46.653,0.6948129229775448,1,1,1.6310221743843138,48.766,69.574,53.036,46.148,4.563293580299212,3,AT_RISK,0
ENR000483,BSCS017,Female,Bachelor of Science in Computer Science,1,1,MATH1101,Precalculus,1,NEW,43.14,53.78,39.12,65.79,5,0.0,0,44.58,FAIL,HIGH,45.126,0.65572265454892,1,1,7.575020352007865,48.766,69.574,53.036,46.148,4.563293580299212,3,AT_RISK,0
ENR000484,BSCS017,Female,Bachelor of Science in Computer Science,1,1,COMM1101,Communication Skills I,1,NEW,56.23,60.62,52.44,73.39,5,0.0,0,59.27,PASS,MEDIUM,56.410000000000004,0.7661805741680645,0,0,4.093665838829544,48.766,69.574,53.036,46.148,4.563293580299212,3,AT_RISK,0
ENR000485,BSCS017,Female,Bachelor of Science in Computer Science,1,1,CS1102,Digital Logic Design,1,NEW,51.16,59.75,42.32,70.69,5,0.0,0,49.7,PASS,MEDIUM,51.084999999999994,0.7237231965308818,0,0,8.715298809182238,48.766,69.574,53.036,46.148,4.563293580299212,3,AT_RISK,0
ENR000486,BSCS018,Male,Bachelor of Science in Computer Science,1,1,CS1101,Introduction to Computer Systems,1,NEW,50.23,47.59,51.63,58.09,6,0.0,2,45.27,FAIL,HIGH,49.858000000000004,0.8646925693419573,0,1,2.051471016937195,44.254,57.034000000000006,47.874,40.07000000000001,4.98874139437995,4,AT_RISK,0
ENR000487,BSCS018,Male,Bachelor of Science in Computer Science,1,1,BICT1102,Introduction to Programming,1,NEW,42.54,51.52,35.0,60.55,6,0.0,2,39.86,FAIL,HIGH,42.972,0.7025597518481004,1,1,8.27045343376045,44.254,57.034000000000006,47.874,40.07000000000001,4.98874139437995,4,AT_RISK,0
ENR000488,BSCS018,Male,Bachelor of Science in Computer Science,1,1,MATH1101,Precalculus,1,NEW,44.79,47.7,36.78,56.78,6,0.0,2,45.01,FAIL,HIGH,43.260000000000005,0.7888339575847203,1,1,5.655006631295847,44.254,57.034000000000006,47.874,40.07000000000001,4.98874139437995,4,AT_RISK,0
ENR000489,BSCS018,Male,Bachelor of Science in Computer Science,1,1,COMM1101,Communication Skills I,1,NEW,47.86,51.04,43.49,55.69,6,0.0,2,60.69,PASS,HIGH,47.503,0.8594000970730656,1,1,3.790598017903418,44.254,57.034000000000006,47.874,40.07000000000001,4.98874139437995,4,AT_RISK,0
ENR000490,BSCS018,Male,Bachelor of Science in Computer Science,1,1,CS1102,Digital Logic Design,1,NEW,35.85,41.52,33.45,54.06,6,0.0,2,28.74,FAIL,HIGH,36.831,0.6631519306045263,1,1,4.143947393488484,44.254,57.034000000000006,47.874,40.07000000000001,4.98874139437995,4,AT_RISK,0
ENR000491,BSCS019,Female,Bachelor of Science in Computer Science,1,1,CS1101,Introduction to Computer Systems,1,NEW,52.12,56.56,43.12,61.03,5,0.0,1,52.38,PASS,MEDIUM,50.751999999999995,0.8540060865138314,0,1,6.847714947338274,48.53,61.628,54.146,42.336,2.7597562030005465,3,AT_RISK,0
ENR000492,BSCS019,Female,Bachelor of Science in Computer Science,1,1,BICT1102,Introduction to Programming,1,NEW,47.71,50.18,48.51,65.09,5,0.0,1,51.03,FAIL,HIGH,48.691,0.7329849849462305,1,1,1.2602777471652824,48.53,61.628,54.146,42.336,2.7597562030005465,3,AT_RISK,0
ENR000493,BSCS019,Female,Bachelor of Science in Computer Science,1,1,MATH1101,Precalculus,1,NEW,42.99,55.04,33.64,61.66,5,0.0,1,40.64,FAIL,HIGH,43.800000000000004,0.6972103961708732,1,1,10.728350292565954,48.53,61.628,54.146,42.336,2.7597562030005465,3,AT_RISK,0
ENR000494,BSCS019,Female,Bachelor of Science in Computer Science,1,1,COMM1101,Communication Skills I,1,NEW,51.08,53.02,46.59,57.18,5,0.0,1,45.45,FAIL,HIGH,50.315000000000005,0.8933191861981136,0,1,3.298196476864287,48.53,61.628,54.146,42.336,2.7597562030005465,3,AT_RISK,0
ENR000495,BSCS019,Female,Bachelor of Science in Computer Science,1,1,CS1102,Digital Logic Design,1,NEW,48.75,55.93,39.82,63.18,5,0.0,1,45.57,FAIL,HIGH,48.224999999999994,0.7716048161435871,1,1,8.070826062636547,48.53,61.628,54.146,42.336,2.7597562030005465,3,AT_RISK,0
ENR000496,BSCS020,Male,Bachelor of Science in Computer Science,1,1,CS1101,Introduction to Computer Systems,1,NEW,62.86,69.4,56.05,72.1,5,0.0,0,59.16,PASS,MEDIUM,62.779,0.8718445392726021,0,0,6.675455040669517,65.808,79.506,71.596,58.782,3.3195648510008042,0,AT_RISK,0
ENR000497,BSCS020,Male,Bachelor of Science in Computer Science,1,1,BICT1102,Introduction to Programming,1,NEW,65.8,69.84,59.57,82.67,5,0.0,0,63.63,PASS,LOW,65.143,0.7959355514774946,0,0,5.1737703853186225,65.808,79.506,71.596,58.782,3.3195648510008042,0,LOW,1
ENR000498,BSCS020,Male,Bachelor of Science in Computer Science,1,1,MATH1101,Precalculus,1,NEW,62.75,73.18,50.05,81.21,5,0.0,0,59.46,PASS,LOW,62.069,0.7726879974525308,0,0,11.583550117875497,65.808,79.506,71.596,58.782,3.3195648510008042,0,LOW,1
ENR000499,BSCS020,Male,Bachelor of Science in Computer Science,1,1,COMM1101,Communication Skills I,1,NEW,70.15,67.75,72.96,75.88,5,0.0,0,76.07,PASS,LOW,70.273,0.9244859087393373,0,0,2.6076873534481306,65.808,79.506,71.596,58.782,3.3195648510008042,0,LOW,1
ENR000500,BSCS020,Male,Bachelor of Science in Computer Science,1,1,CS1102,Digital Logic Design,1,NEW,67.48,77.81,55.28,85.67,5,0.0,0,70.11,PASS,LOW,66.91900000000001,0.787673539433461,0,0,11.277926818938548,65.808,79.506,71.596,58.782,3.3195648510008042,0,LOW,1
ENR000501,BSCS021,Female,Bachelor of Science in Computer Science,1,1,CS1101,Introduction to Computer Systems,1,NEW,84.09,86.98,78.07,100.0,5,0.0,0,83.74,PASS,LOW,83.15100000000001,0.8408999159100085,0,0,4.5457049324976415,79.118,94.31800000000001,80.03,78.15599999999999,5.554031418708398,0,LOW,1
ENR000502,BSCS021,Female,Bachelor of Science in Computer Science,1,1,BICT1102,Introduction to Programming,1,NEW,76.77,77.52,78.48,92.64,5,0.0,0,84.07,PASS,LOW,77.508,0.8286916203916644,0,0,0.8571464285639923,79.118,94.31800000000001,80.03,78.15599999999999,5.554031418708398,0,LOW,1
ENR000503,BSCS021,Female,Bachelor of Science in Computer Science,1,1,MATH1101,Precalculus,1,NEW,68.17,72.95,69.69,94.55,5,0.0,0,70.01,PASS,LOW,70.06,0.7209941067166465,0,0,2.4422121120001035,79.118,94.31800000000001,80.03,78.15599999999999,5.554031418708398,0,LOW,1
ENR000504,BSCS021,Female,Bachelor of Science in Computer Science,1,1,COMM1101,Communication Skills I,1,NEW,83.46,77.53,83.53,96.09,5,0.0,0,84.21,PASS,LOW,81.702,0.8685606339306239,0,0,3.4440722021080394,79.118,94.31800000000001,80.03,78.15599999999999,5.554031418708398,0,LOW,1
ENR000505,BSCS021,Female,Bachelor of Science in Computer Science,1,1,CS1102,Digital Logic Design,1,NEW,83.1,85.17,81.01,88.31,5,0.0,0,85.56,PASS,LOW,83.09400000000001,0.9410031773295008,0,0,2.0800080128050773,79.118,94.31800000000001,80.03,78.15599999999999,5.554031418708398,0,LOW,1
ENR000506,BSCS022,Male,Bachelor of Science in Computer Science,1,1,CS1101,Introduction to Computer Systems,1,NEW,49.5,47.59,49.72,42.86,6,0.0,2,42.62,FAIL,HIGH,48.993,1.1549227356689837,1,1,1.1714236352973795,43.036,44.498000000000005,44.58,41.89,4.669204354062904,5,AT_RISK,0
ENR000507,BSCS022,Male,Bachelor of Science in Computer Science,1,1,BICT1102,Introduction to Programming,1,NEW,38.42,42.24,33.58,52.75,6,0.0,2,43.72,FAIL,HIGH,38.114000000000004,0.728341094153347,1,1,4.340000000000002,43.036,44.498000000000005,44.58,41.89,4.669204354062904,5,AT_RISK,0
ENR000508,BSCS022,Male,Bachelor of Science in Computer Science,1,1,MATH1101,Precalculus,1,NEW,40.49,45.38,35.46,48.22,6,0.0,2,38.1,FAIL,HIGH,40.44800000000001,0.8396928992756326,1,1,4.960164647804883,43.036,44.498000000000005,44.58,41.89,4.669204354062904,5,AT_RISK,0
ENR000509,BSCS022,Male,Bachelor of Science in Computer Science,1,1,COMM1101,Communication Skills I,1,NEW,40.03,37.09,46.42,34.68,6,0.0,2,46.23,FAIL,HIGH,41.065000000000005,1.154267256555001,1,1,4.7701257845050575,43.036,44.498000000000005,44.58,41.89,4.669204354062904,5,AT_RISK,0
ENR000510,BSCS022,Male,Bachelor of Science in Computer Science,1,1,CS1102,Digital Logic Design,1,NEW,46.74,50.6,44.27,43.98,6,0.0,2,41.32,FAIL,HIGH,47.157000000000004,1.0627555564448485,1,1,3.1903343607423547,43.036,44.498000000000005,44.58,41.89,4.669204354062904,5,AT_RISK,0
ENR000511,BSCS023,Female,Bachelor of Science in Computer Science,1,1,CS1101,Introduction to Computer Systems,2,RETURNING,31.74,34.21,27.41,47.62,7,0.0,2,34.81,FAIL,HIGH,31.181999999999995,0.6665265294988388,1,1,3.4421359647753604,32.274,45.519999999999996,37.44,26.706,0.8684024412678729,5,AT_RISK,0
ENR000512,BSCS023,Female,Bachelor of Science in Computer Science,1,1,BICT1102,Introduction to Programming,2,RETURNING,32.72,41.08,23.6,43.62,7,0.0,2,32.0,FAIL,HIGH,32.492,0.7501144543524864,1,1,8.742753189546946,32.274,45.519999999999996,37.44,26.706,0.8684024412678729,5,AT_RISK,0
ENR000513,BSCS023,Female,Bachelor of Science in Computer Science,1,1,MATH1101,Precalculus,2,RETURNING,31.14,39.95,22.91,46.7,7,0.0,2,23.99,FAIL,HIGH,31.314,0.6668092790558289,1,1,8.52164498986747,32.274,45.519999999999996,37.44,26.706,0.8684024412678729,5,AT_RISK,0
ENR000514,BSCS023,Female,Bachelor of Science in Computer Science,1,1,COMM1101,Communication Skills I,2,RETURNING,32.74,35.8,31.15,43.85,7,0.0,2,34.16,FAIL,HIGH,33.181,0.746636089706707,1,1,2.363408555455445,32.274,45.519999999999996,37.44,26.706,0.8684024412678729,5,AT_RISK,0
ENR000515,BSCS023,Female,Bachelor of Science in Computer Science,1,1,CS1102,Digital Logic Design,2,RETURNING,33.03,36.16,28.46,45.81,7,0.0,2,34.68,FAIL,HIGH,32.598,0.721021453608065,1,1,3.872376531278949,32.274,45.519999999999996,37.44,26.706,0.8684024412678729,5,AT_RISK,0
ENR000516,BSCS024,Male,Bachelor of Science in Computer Science,1,1,CS1101,Introduction to Computer Systems,1,NEW,63.21,65.56,63.16,74.61,5,0.0,0,55.56,PASS,MEDIUM,63.9,0.8472053548846864,0,0,1.3714347718113826,64.922,75.748,68.262,60.464,5.940075740257867,0,AT_RISK,0
ENR000517,BSCS024,Male,Bachelor of Science in Computer Science,1,1,BICT1102,Introduction to Programming,1,NEW,65.68,69.72,63.31,76.96,5,0.0,0,59.62,PASS,LOW,66.181,0.8534302425376505,0,0,3.241054355195747,64.922,75.748,68.262,60.464,5.940075740257867,0,LOW,1
ENR000518,BSCS024,Male,Bachelor of Science in Computer Science,1,1,MATH1101,Precalculus,1,NEW,61.0,68.0,52.28,75.07,5,0.0,0,44.07,FAIL,LOW,60.484,0.812574821822989,0,0,7.875667167506085,64.922,75.748,68.262,60.464,5.940075740257867,0,LOW,1
ENR000519,BSCS024,Male,Bachelor of Science in Computer Science,1,1,COMM1101,Communication Skills I,1,NEW,76.23,70.46,73.92,77.34,5,0.0,0,80.25,PASS,LOW,73.80600000000001,0.9856476615402557,0,0,2.904037419409978,64.922,75.748,68.262,60.464,5.940075740257867,0,LOW,1
ENR000520,BSCS024,Male,Bachelor of Science in Computer Science,1,1,CS1102,Digital Logic Design,1,NEW,58.49,67.57,49.65,74.76,5,0.0,0,48.97,PASS,MEDIUM,58.562,0.7823701468204726,0,0,8.96026785313921,64.922,75.748,68.262,60.464,5.940075740257867,0,AT_RISK,0
ENR000521,BSCS025,Male,Bachelor of Science in Computer Science,1,1,CS1101,Introduction to Computer Systems,1,NEW,58.83,54.04,64.57,64.79,5,0.0,0,71.14,PASS,MEDIUM,59.114999999999995,0.9080103553001456,0,1,5.272137453949138,57.148,65.59,58.513999999999996,56.172000000000004,4.849080067394228,0,AT_RISK,0
ENR000522,BSCS025,Male,Bachelor of Science in Computer Science,1,1,BICT1102,Introduction to Programming,1,NEW,56.61,60.93,51.1,68.51,5,0.0,0,40.58,FAIL,MEDIUM,56.253,0.8263026089180252,0,1,4.92699029158099,57.148,65.59,58.513999999999996,56.172000000000004,4.849080067394228,0,AT_RISK,0
ENR000523,BSCS025,Male,Bachelor of Science in Computer Science,1,1,MATH1101,Precalculus,1,NEW,51.36,61.22,45.72,64.14,5,0.0,0,45.63,FAIL,MEDIUM,52.626,0.8007482381122173,0,1,7.84515986665239,57.148,65.59,58.513999999999996,56.172000000000004,4.849080067394228,0,AT_RISK,0
ENR000524,BSCS025,Male,Bachelor of Science in Computer Science,1,1,COMM1101,Communication Skills I,1,NEW,65.54,66.0,62.22,72.07,5,0.0,0,65.5,PASS,MEDIUM,64.682,0.9093935188853174,0,0,2.062458080382082,57.148,65.59,58.513999999999996,56.172000000000004,4.849080067394228,0,AT_RISK,0
ENR000525,BSCS025,Male,Bachelor of Science in Computer Science,1,1,CS1102,Digital Logic Design,1,NEW,53.4,50.38,57.25,58.44,5,0.0,0,50.1,PASS,HIGH,53.649,0.9137575438471006,0,1,3.443346240698621,57.148,65.59,58.513999999999996,56.172000000000004,4.849080067394228,0,AT_RISK,0
ENR000526,BSCS026,Female,Bachelor of Science in Computer Science,1,1,CS1101,Introduction to Computer Systems,1,NEW,62.38,71.4,52.48,84.02,5,0.0,1,51.48,PASS,LOW,62.116,0.7424421872837197,0,0,9.463410238034353,54.846000000000004,78.264,60.136,50.995999999999995,6.643832365434879,2,LOW,1
ENR000527,BSCS026,Female,Bachelor of Science in Computer Science,1,1,BICT1102,Introduction to Programming,1,NEW,49.79,54.26,48.61,83.43,5,0.0,1,45.27,FAIL,MEDIUM,50.776999999999994,0.5967876547060224,1,0,2.9803746968012814,54.846000000000004,78.264,60.136,50.995999999999995,6.643832365434879,2,AT_RISK,0
ENR000528,BSCS026,Female,Bachelor of Science in Computer Science,1,1,MATH1101,Precalculus,1,NEW,46.2,53.82,40.23,74.17,5,0.0,1,47.21,FAIL,MEDIUM,46.695,0.6228932691258906,1,0,6.811673803111833,54.846000000000004,78.264,60.136,50.995999999999995,6.643832365434879,2,AT_RISK,0
ENR000529,BSCS026,Female,Bachelor of Science in Computer Science,1,1,COMM1101,Communication Skills I,1,NEW,60.8,57.59,65.55,73.1,5,0.0,1,61.65,PASS,MEDIUM,61.262,0.831737232320488,0,0,4.004751344757039,54.846000000000004,78.264,60.136,50.995999999999995,6.643832365434879,2,AT_RISK,0
ENR000530,BSCS026,Female,Bachelor of Science in Computer Science,1,1,CS1102,Digital Logic Design,1,NEW,55.06,63.61,48.11,76.6,5,0.0,1,54.53,PASS,LOW,55.54,0.7187988617756056,0,0,7.763751241077559,54.846000000000004,78.264,60.136,50.995999999999995,6.643832365434879,2,LOW,1
ENR000531,BSCS027,Male,Bachelor of Science in Computer Science,1,1,CS1101,Introduction to Computer Systems,1,NEW,29.73,35.83,26.29,56.4,5,0.0,1,33.57,FAIL,HIGH,30.528,0.5271275661121336,1,1,4.83141111201824,26.872000000000003,53.708000000000006,31.838,23.625999999999998,3.073170594028256,5,AT_RISK,0
ENR000532,BSCS027,Male,Bachelor of Science in Computer Science,1,1,BICT1102,Introduction to Programming,1,NEW,28.9,35.34,28.73,59.69,5,0.0,1,24.42,FAIL,HIGH,30.781000000000002,0.4841681212651832,1,1,3.7681693167903183,26.872000000000003,53.708000000000006,31.838,23.625999999999998,3.073170594028256,5,AT_RISK,0
ENR000533,BSCS027,Male,Bachelor of Science in Computer Science,1,1,MATH1101,Precalculus,1,NEW,23.78,32.21,17.35,54.65,5,0.0,1,21.69,FAIL,HIGH,24.380000000000003,0.4351325827753737,1,1,7.452397824414188,26.872000000000003,53.708000000000006,31.838,23.625999999999998,3.073170594028256,5,AT_RISK,0
ENR000534,BSCS027,Male,Bachelor of Science in Computer Science,1,1,COMM1101,Communication Skills I,1,NEW,24.32,25.35,25.12,54.02,5,0.0,1,32.78,FAIL,HIGH,24.869000000000003,0.4502035449456599,1,1,0.5406477596365313,26.872000000000003,53.708000000000006,31.838,23.625999999999998,3.073170594028256,5,AT_RISK,0
ENR000535,BSCS027,Male,Bachelor of Science in Computer Science,1,1,CS1102,Digital Logic Design,1,NEW,27.63,30.46,20.64,43.78,5,0.0,1,21.34,FAIL,HIGH,26.381999999999998,0.6311099517793622,1,1,5.054723863212839,26.872000000000003,53.708000000000006,31.838,23.625999999999998,3.073170594028256,5,AT_RISK,0
ENR000536,BSCS028,Female,Bachelor of Science in Computer Science,1,1,CS1101,Introduction to Computer Systems,1,NEW,76.56,78.09,73.51,78.33,5,0.0,0,98.38,PASS,LOW,76.10400000000001,0.9774031689769987,0,0,2.3316589230274074,74.08,83.09,75.97999999999999,71.446,2.4398484993949965,0,LOW,1
ENR000537,BSCS028,Female,Bachelor of Science in Computer Science,1,1,BICT1102,Introduction to Programming,1,NEW,74.16,82.94,64.53,78.51,5,0.0,0,67.43,PASS,LOW,73.905,0.944592925156932,0,0,9.208269833868536,74.08,83.09,75.97999999999999,71.446,2.4398484993949965,0,LOW,1
ENR000538,BSCS028,Female,Bachelor of Science in Computer Science,1,1,MATH1101,Precalculus,1,NEW,68.4,73.79,67.56,85.15,5,0.0,0,69.32,PASS,LOW,69.765,0.8032882204006787,0,0,3.3805965942912124,74.08,83.09,75.97999999999999,71.446,2.4398484993949965,0,LOW,1
ENR000539,BSCS028,Female,Bachelor of Science in Computer Science,1,1,COMM1101,Communication Skills I,1,NEW,76.33,71.0,77.88,85.18,5,0.0,0,76.97,PASS,LOW,75.196,0.8961022662476793,0,0,3.608919505890923,74.08,83.09,75.97999999999999,71.446,2.4398484993949965,0,LOW,1
ENR000540,BSCS028,Female,Bachelor of Science in Computer Science,1,1,CS1102,Digital Logic Design,1,NEW,74.95,74.08,73.75,88.28,5,0.0,0,83.51,PASS,LOW,74.32900000000001,0.8490030755547037,0,0,0.6199193495931565,74.08,83.09,75.97999999999999,71.446,2.4398484993949965,0,LOW,1
ENR000541,BSCS029,Female,Bachelor of Science in Computer Science,1,1,CS1101,Introduction to Computer Systems,1,NEW,75.74,82.28,66.96,90.4,5,0.0,0,72.4,PASS,LOW,75.068,0.8378317657265745,0,0,7.687244846714159,75.316,90.752,78.77799999999999,72.394,5.384019177157525,0,LOW,1
ENR000542,BSCS029,Female,Bachelor of Science in Computer Science,1,1,BICT1102,Introduction to Programming,1,NEW,71.17,76.03,66.66,89.76,5,0.0,0,68.96,PASS,LOW,71.275,0.7928920685280672,0,0,4.6860893432939745,75.316,90.752,78.77799999999999,72.394,5.384019177157525,0,LOW,1
ENR000543,BSCS029,Female,Bachelor of Science in Computer Science,1,1,MATH1101,Precalculus,1,NEW,75.55,82.8,69.68,96.32,5,0.0,0,65.53,PASS,LOW,75.964,0.7843645365070041,0,0,6.572084905111918,75.316,90.752,78.77799999999999,72.394,5.384019177157525,0,LOW,1
ENR000544,BSCS029,Female,Bachelor of Science in Computer Science,1,1,COMM1101,Communication Skills I,1,NEW,83.68,81.38,87.8,93.83,5,0.0,0,87.06,PASS,LOW,84.226,0.8918255470717737,0,0,3.252711689242275,75.316,90.752,78.77799999999999,72.394,5.384019177157525,0,LOW,1
ENR000545,BSCS029,Female,Bachelor of Science in Computer Science,1,1,CS1102,Digital Logic Design,1,NEW,70.44,71.4,70.87,83.45,5,0.0,0,72.21,PASS,LOW,70.857,0.8440981612824252,0,0,0.4808672720547085,75.316,90.752,78.77799999999999,72.394,5.384019177157525,0,LOW,1
ENR000546,BSCS030,Male,Bachelor of Science in Computer Science,1,1,CS1101,Introduction to Computer Systems,1,NEW,62.48,73.69,51.83,83.35,5,0.0,0,50.59,PASS,LOW,62.647999999999996,0.7496099880491915,0,0,10.931195421056808,70.072,88.522,76.60799999999999,63.778,4.951683127987895,0,LOW,1
ENR000547,BSCS030,Male,Bachelor of Science in Computer Science,1,1,BICT1102,Introduction to Programming,1,NEW,76.73,80.44,68.46,92.77,5,0.0,0,66.16,PASS,LOW,75.362,0.8270991886278767,0,0,6.132935675514625,70.072,88.522,76.60799999999999,63.778,4.951683127987895,0,LOW,1
ENR000548,BSCS030,Male,Bachelor of Science in Computer Science,1,1,MATH1101,Precalculus,1,NEW,74.03,81.97,62.67,94.93,5,0.0,0,61.07,PASS,LOW,73.00399999999999,0.7798376930540721,0,0,9.700371126920865,70.072,88.522,76.60799999999999,63.778,4.951683127987895,0,LOW,1
ENR000549,BSCS030,Male,Bachelor of Science in Computer Science,1,1,COMM1101,Communication Skills I,1,NEW,70.68,70.67,73.86,84.65,5,0.0,0,82.87,PASS,LOW,71.631,0.8349674146524023,0,0,1.8388674050440186,70.072,88.522,76.60799999999999,63.778,4.951683127987895,0,LOW,1
ENR000550,BSCS030,Male,Bachelor of Science in Computer Science,1,1,CS1102,Digital Logic Design,1,NEW,66.44,76.27,62.07,86.91,5,0.0,0,65.29,PASS,LOW,68.078,0.7644689029491539,0,0,7.272846760382071,70.072,88.522,76.60799999999999,63.778,4.951683127987895,0,LOW,1
ENR000551,BSCS031,Male,Bachelor of Science in Computer Science,1,1,CS1101,Introduction to Computer Systems,1,NEW,53.28,57.76,48.48,62.18,6,0.0,1,59.32,PASS,MEDIUM,53.184,0.856867022054194,0,1,4.64091944913218,47.025999999999996,66.602,50.85,42.6,7.4055020626558425,3,AT_RISK,0
ENR000552,BSCS031,Male,Bachelor of Science in Computer Science,1,1,BICT1102,Introduction to Programming,1,NEW,45.35,51.28,38.63,64.27,6,0.0,1,48.86,FAIL,HIGH,45.113,0.7056168187930888,1,1,6.32910999535743,47.025999999999996,66.602,50.85,42.6,7.4055020626558425,3,AT_RISK,0
ENR000553,BSCS031,Male,Bachelor of Science in Computer Science,1,1,MATH1101,Precalculus,1,NEW,38.05,52.21,26.77,70.59,6,0.0,1,32.18,FAIL,HIGH,38.914,0.5390281146014853,1,0,12.747140855893921,47.025999999999996,66.602,50.85,42.6,7.4055020626558425,3,AT_RISK,0
ENR000554,BSCS031,Male,Bachelor of Science in Computer Science,1,1,COMM1101,Communication Skills I,1,NEW,57.21,44.22,65.66,68.03,6,0.0,1,66.94,PASS,MEDIUM,55.84799999999999,0.8409523973317069,0,1,10.799816356463351,47.025999999999996,66.602,50.85,42.6,7.4055020626558425,3,AT_RISK,0
ENR000555,BSCS031,Male,Bachelor of Science in Computer Science,1,1,CS1102,Digital Logic Design,1,NEW,41.24,48.78,33.46,67.94,6,0.0,1,39.62,FAIL,HIGH,41.168000000000006,0.607006092580793,1,1,7.660313309519396,47.025999999999996,66.602,50.85,42.6,7.4055020626558425,3,AT_RISK,0
ENR000556,BSCS032,Male,Bachelor of Science in Computer Science,1,1,CS1101,Introduction to Computer Systems,2,RETURNING,24.52,25.69,24.59,51.72,6,0.0,1,37.59,FAIL,HIGH,24.892,0.4740911689692248,1,1,0.6562265868839319,28.326,52.258,34.32,26.226,3.182402425841208,5,AT_RISK,0
ENR000557,BSCS032,Male,Bachelor of Science in Computer Science,1,1,BICT1102,Introduction to Programming,2,RETURNING,26.07,29.55,27.24,54.57,6,0.0,1,31.77,FAIL,HIGH,27.465000000000003,0.4777349316959993,1,1,1.7708472548472387,28.326,52.258,34.32,26.226,3.182402425841208,5,AT_RISK,0
ENR000558,BSCS032,Male,Bachelor of Science in Computer Science,1,1,MATH1101,Precalculus,2,RETURNING,29.96,34.32,29.46,50.45,6,0.0,1,18.48,FAIL,HIGH,31.118000000000002,0.5938551845678524,1,1,2.6733000829187383,28.326,52.258,34.32,26.226,3.182402425841208,5,AT_RISK,0
ENR000559,BSCS032,Male,Bachelor of Science in Computer Science,1,1,COMM1101,Communication Skills I,2,RETURNING,29.31,39.82,27.3,50.0,6,0.0,1,30.57,FAIL,HIGH,31.86,0.5861998827600234,1,1,6.72372168767665,28.326,52.258,34.32,26.226,3.182402425841208,5,AT_RISK,0
ENR000560,BSCS032,Male,Bachelor of Science in Computer Science,1,1,CS1102,Digital Logic Design,2,RETURNING,31.77,42.22,22.54,54.55,6,0.0,1,34.7,FAIL,HIGH,32.135999999999996,0.582401359779769,1,1,9.84630048969324,28.326,52.258,34.32,26.226,3.182402425841208,5,AT_RISK,0
ENR000561,BSCS033,Female,Bachelor of Science in Computer Science,1,1,CS1101,Introduction to Computer Systems,1,NEW,28.58,33.93,23.14,48.04,6,0.0,0,12.97,FAIL,HIGH,28.553000000000004,0.5949207754119951,1,1,5.395062557561311,27.171999999999997,47.686,31.708,21.556,4.243846898746467,5,AT_RISK,0
ENR000562,BSCS033,Female,Bachelor of Science in Computer Science,1,1,BICT1102,Introduction to Programming,1,NEW,23.28,32.76,13.62,44.65,6,0.0,0,21.2,FAIL,HIGH,23.226,0.5213884610552159,1,1,9.57014106479105,27.171999999999997,47.686,31.708,21.556,4.243846898746467,5,AT_RISK,0
ENR000563,BSCS033,Female,Bachelor of Science in Computer Science,1,1,MATH1101,Precalculus,1,NEW,21.58,31.79,11.99,45.91,6,0.0,0,19.8,FAIL,HIGH,21.766,0.4700499956327607,1,1,9.90161771294637,27.171999999999997,47.686,31.708,21.556,4.243846898746467,5,AT_RISK,0
ENR000564,BSCS033,Female,Bachelor of Science in Computer Science,1,1,COMM1101,Communication Skills I,1,NEW,32.68,28.7,34.51,47.91,6,0.0,0,24.95,FAIL,HIGH,32.035,0.6821121515107177,1,1,2.9705611142229222,27.171999999999997,47.686,31.708,21.556,4.243846898746467,5,AT_RISK,0
ENR000565,BSCS033,Female,Bachelor of Science in Computer Science,1,1,CS1102,Digital Logic Design,1,NEW,29.74,31.36,24.52,51.92,6,0.0,0,18.66,FAIL,HIGH,28.660000000000004,0.5728042040053536,1,1,3.574409042065555,27.171999999999997,47.686,31.708,21.556,4.243846898746467,5,AT_RISK,0
ENR000566,BSCS034,Female,Bachelor of Science in Computer Science,1,1,CS1101,Introduction to Computer Systems,1,NEW,69.04,78.67,61.08,81.13,4,0.0,0,68.09,PASS,LOW,69.541,0.8509798038974729,0,0,8.808202616500903,68.718,83.74199999999999,70.69200000000001,64.738,4.3725630584360955,0,LOW,1
ENR000567,BSCS034,Female,Bachelor of Science in Computer Science,1,1,BICT1102,Introduction to Programming,1,NEW,64.11,67.43,61.79,79.46,4,0.0,0,60.39,PASS,LOW,64.41,0.8068209404957286,0,0,2.834736907251422,68.718,83.74199999999999,70.69200000000001,64.738,4.3725630584360955,0,LOW,1
ENR000568,BSCS034,Female,Bachelor of Science in Computer Science,1,1,MATH1101,Precalculus,1,NEW,64.2,62.78,60.35,82.15,4,0.0,0,59.95,PASS,LOW,62.619,0.7814971659772165,0,0,1.94695488733903,68.718,83.74199999999999,70.69200000000001,64.738,4.3725630584360955,0,LOW,1
ENR000569,BSCS034,Female,Bachelor of Science in Computer Science,1,1,COMM1101,Communication Skills I,1,NEW,73.19,74.87,66.41,85.17,4,0.0,0,76.07,PASS,LOW,71.66,0.8593400423458913,0,0,4.478883789517209,68.718,83.74199999999999,70.69200000000001,64.738,4.3725630584360955,0,LOW,1
ENR000570,BSCS034,Female,Bachelor of Science in Computer Science,1,1,CS1102,Digital Logic Design,1,NEW,73.05,69.71,74.06,90.8,4,0.0,0,74.94,PASS,LOW,72.351,0.8045153298991927,0,0,2.276627622896057,68.718,83.74199999999999,70.69200000000001,64.738,4.3725630584360955,0,LOW,1
ENR000571,BSCS035,Female,Bachelor of Science in Computer Science,1,1,CS1101,Introduction to Computer Systems,1,NEW,68.22,78.08,61.71,89.31,5,0.0,0,66.26,PASS,LOW,69.225,0.7638561455765148,0,0,8.241931407948826,74.678,84.72200000000001,78.514,71.86600000000001,5.953419496390291,0,LOW,1
ENR000572,BSCS035,Female,Bachelor of Science in Computer Science,1,1,BICT1102,Introduction to Programming,1,NEW,72.06,75.85,74.12,85.75,5,0.0,0,70.91,PASS,LOW,73.815,0.8403497562274337,0,0,1.8973929482318588,74.678,84.72200000000001,78.514,71.86600000000001,5.953419496390291,0,LOW,1
ENR000573,BSCS035,Female,Bachelor of Science in Computer Science,1,1,MATH1101,Precalculus,1,NEW,70.37,76.95,62.53,77.24,5,0.0,0,58.53,PASS,LOW,69.992,0.9110563294851982,0,0,7.219168927238094,74.678,84.72200000000001,78.514,71.86600000000001,5.953419496390291,0,LOW,1
ENR000574,BSCS035,Female,Bachelor of Science in Computer Science,1,1,COMM1101,Communication Skills I,1,NEW,83.2,82.7,84.08,89.63,5,0.0,0,90.08,PASS,LOW,83.31400000000001,0.9282605234563737,0,0,0.6986653944008748,74.678,84.72200000000001,78.514,71.86600000000001,5.953419496390291,0,LOW,1
ENR000575,BSCS035,Female,Bachelor of Science in Computer Science,1,1,CS1102,Digital Logic Design,1,NEW,79.54,78.99,76.89,81.68,5,0.0,0,71.08,PASS,LOW,78.58,0.9738000766650249,0,0,1.3985111130532129,74.678,84.72200000000001,78.514,71.86600000000001,5.953419496390291,0,LOW,1
ENR000576,BSCS036,Female,Bachelor of Science in Computer Science,1,1,CS1101,Introduction to Computer Systems,1,NEW,67.5,77.17,61.31,80.53,5,0.0,0,64.24,PASS,LOW,68.544,0.8381968411527578,0,0,7.993378509741673,71.738,79.30199999999999,74.494,69.426,3.8526477518714364,0,LOW,1
ENR000577,BSCS036,Female,Bachelor of Science in Computer Science,1,1,BICT1102,Introduction to Programming,1,NEW,68.28,67.65,68.16,77.04,5,0.0,0,63.96,PASS,LOW,68.055,0.8862927198477777,0,0,0.33451457367355114,71.738,79.30199999999999,74.494,69.426,3.8526477518714364,0,LOW,1
ENR000578,BSCS036,Female,Bachelor of Science in Computer Science,1,1,MATH1101,Precalculus,1,NEW,75.12,78.3,73.39,75.22,5,0.0,0,65.94,PASS,LOW,75.55499999999999,0.9986704335721306,0,0,2.4904283433444383,71.738,79.30199999999999,74.494,69.426,3.8526477518714364,0,LOW,1
ENR000579,BSCS036,Female,Bachelor of Science in Computer Science,1,1,COMM1101,Communication Skills I,1,NEW,76.93,73.02,78.62,80.21,5,0.0,0,68.81,PASS,LOW,76.26400000000001,0.9591072236495172,0,0,2.8724031750435084,71.738,79.30199999999999,74.494,69.426,3.8526477518714364,0,LOW,1
ENR000580,BSCS036,Female,Bachelor of Science in Computer Science,1,1,CS1102,Digital Logic Design,1,NEW,70.86,76.33,65.65,83.51,5,0.0,0,66.84,PASS,LOW,70.938,0.848521033586273,0,0,5.34052743961992,71.738,79.30199999999999,74.494,69.426,3.8526477518714364,0,LOW,1
ENR000581,BSCS037,Female,Bachelor of Science in Computer Science,1,1,CS1101,Introduction to Computer Systems,1,NEW,52.16,55.3,52.1,75.64,5,0.0,1,56.33,PASS,MEDIUM,53.084,0.6895821404571468,0,0,1.8304462115378668,45.11,74.09,53.510000000000005,39.49,6.241269382104896,4,AT_RISK,0
ENR000582,BSCS037,Female,Bachelor of Science in Computer Science,1,1,BICT1102,Introduction to Programming,1,NEW,41.98,56.88,27.38,74.4,5,0.0,1,33.22,FAIL,HIGH,42.06999999999999,0.5642472359882746,1,0,14.750254235097104,45.11,74.09,53.510000000000005,39.49,6.241269382104896,4,AT_RISK,0
ENR000583,BSCS037,Female,Bachelor of Science in Computer Science,1,1,MATH1101,Precalculus,1,NEW,44.15,55.98,34.45,77.2,5,0.0,1,38.88,FAIL,HIGH,44.789,0.5718911176306842,1,0,10.782546081515253,45.11,74.09,53.510000000000005,39.49,6.241269382104896,4,AT_RISK,0
ENR000584,BSCS037,Female,Bachelor of Science in Computer Science,1,1,COMM1101,Communication Skills I,1,NEW,48.84,55.98,50.42,71.89,5,0.0,1,51.87,PASS,MEDIUM,51.455999999999996,0.6793711671482588,1,0,3.7503244304104286,45.11,74.09,53.510000000000005,39.49,6.241269382104896,4,AT_RISK,0
ENR000585,BSCS037,Female,Bachelor of Science in Computer Science,1,1,CS1102,Digital Logic Design,1,NEW,38.42,43.41,33.1,71.32,5,0.0,1,44.58,FAIL,HIGH,38.321,0.5386987466771247,1,0,5.155880138249916,45.11,74.09,53.510000000000005,39.49,6.241269382104896,4,AT_RISK,0
ENR000586,BSCS038,Male,Bachelor of Science in Computer Science,1,1,CS1101,Introduction to Computer Systems,1,NEW,69.5,73.67,68.8,84.18,5,0.0,0,59.25,PASS,LOW,70.541,0.8256116861948578,0,0,2.6329894290204328,70.622,82.14200000000001,72.03,70.912,3.9068817873081336,0,LOW,1
ENR000587,BSCS038,Male,Bachelor of Science in Computer Science,1,1,BICT1102,Introduction to Programming,1,NEW,70.02,75.57,65.71,80.8,5,0.0,0,60.13,PASS,LOW,70.392,0.8665840511653401,0,0,4.942978184590069,70.622,82.14200000000001,72.03,70.912,3.9068817873081336,0,LOW,1
ENR000588,BSCS038,Male,Bachelor of Science in Computer Science,1,1,MATH1101,Precalculus,1,NEW,68.17,69.6,69.74,84.79,5,0.0,0,60.79,PASS,LOW,69.07,0.8039862243205301,0,0,0.8688498144098282,70.622,82.14200000000001,72.03,70.912,3.9068817873081336,0,LOW,1
ENR000589,BSCS038,Male,Bachelor of Science in Computer Science,1,1,COMM1101,Communication Skills I,1,NEW,78.3,70.77,84.28,76.49,5,0.0,0,88.28,PASS,LOW,77.835,1.0236630901211805,0,0,6.769803049818611,70.622,82.14200000000001,72.03,70.912,3.9068817873081336,0,LOW,1
ENR000590,BSCS038,Male,Bachelor of Science in Computer Science,1,1,CS1102,Digital Logic Design,1,NEW,67.12,70.54,66.03,84.45,5,0.0,0,73.01,PASS,LOW,67.819,0.7947897223457996,0,0,2.353175159934624,70.622,82.14200000000001,72.03,70.912,3.9068817873081336,0,LOW,1
ENR000591,BSCS039,Female,Bachelor of Science in Computer Science,1,1,CS1101,Introduction to Computer Systems,1,NEW,73.68,81.63,63.6,94.93,4,0.0,0,85.47,PASS,LOW,73.041,0.7761507662329331,0,0,9.035944886950116,66.67,93.026,72.046,61.355999999999995,6.786123584197384,0,LOW,1
ENR000592,BSCS039,Female,Bachelor of Science in Computer Science,1,1,BICT1102,Introduction to Programming,1,NEW,56.2,62.69,47.57,88.89,4,0.0,0,41.58,FAIL,LOW,55.55800000000001,0.632242025847449,0,0,7.585198305471869,66.67,93.026,72.046,61.355999999999995,6.786123584197384,0,LOW,1
ENR000593,BSCS039,Female,Bachelor of Science in Computer Science,1,1,MATH1101,Precalculus,1,NEW,66.16,72.9,58.15,89.87,4,0.0,0,62.47,PASS,LOW,65.779,0.7361743923250925,0,0,7.384106806739281,66.67,93.026,72.046,61.355999999999995,6.786123584197384,0,LOW,1
ENR000594,BSCS039,Female,Bachelor of Science in Computer Science,1,1,COMM1101,Communication Skills I,1,NEW,67.62,68.26,69.3,96.48,4,0.0,0,78.49,PASS,LOW,68.316,0.7008705741220383,0,0,0.8478993650978438,66.67,93.026,72.046,61.355999999999995,6.786123584197384,0,LOW,1
ENR000595,BSCS039,Female,Bachelor of Science in Computer Science,1,1,CS1102,Digital Logic Design,1,NEW,69.69,74.75,68.16,94.96,4,0.0,0,78.26,PASS,LOW,70.749,0.733887875538345,0,0,3.448975693352063,66.67,93.026,72.046,61.355999999999995,6.786123584197384,0,LOW,1
ENR000596,BSCS040,Male,Bachelor of Science in Computer Science,1,1,CS1101,Introduction to Computer Systems,1,NEW,77.86,78.17,79.75,97.54,5,0.0,0,83.72,PASS,LOW,78.52000000000001,0.7982365390366476,0,0,1.0136238618606672,80.738,90.024,81.056,78.718,2.7041165470445248,0,LOW,1
ENR000597,BSCS040,Male,Bachelor of Science in Computer Science,1,1,BICT1102,Introduction to Programming,1,NEW,85.61,86.27,82.86,86.21,5,0.0,0,82.54,PASS,LOW,84.983,0.9930401353624713,0,0,1.808599826753649,80.738,90.024,81.056,78.718,2.7041165470445248,0,LOW,1
ENR000598,BSCS040,Male,Bachelor of Science in Computer Science,1,1,MATH1101,Precalculus,1,NEW,80.43,78.34,80.18,86.46,5,0.0,0,75.72,PASS,LOW,79.72800000000001,0.9302566585407521,0,0,1.1413588392788678,80.738,90.024,81.056,78.718,2.7041165470445248,0,LOW,1
ENR000599,BSCS040,Male,Bachelor of Science in Computer Science,1,1,COMM1101,Communication Skills I,1,NEW,80.34,73.24,81.71,88.74,5,0.0,0,76.41,PASS,LOW,78.621,0.9053413449018093,0,0,4.546570135827667,80.738,90.024,81.056,78.718,2.7041165470445248,0,LOW,1
ENR000600,BSCS040,Male,Bachelor of Science in Computer Science,1,1,CS1102,Digital Logic Design,1,NEW,79.45,89.26,69.09,91.17,5,0.0,0,79.65,PASS,LOW,79.28500000000001,0.8714488459527425,0,0,10.086249715991238,80.738,90.024,81.056,78.718,2.7041165470445248,0,LOW,1
ENR000601,BSIT001,Male,Bachelor of Science in Information Technology,1,1,IT1101,Information Technology Essentials,1,NEW,45.07,49.13,38.7,63.4,6,0.0,2,47.64,FAIL,HIGH,44.37700000000001,0.710883168630415,1,1,5.257461364575112,45.664,67.374,49.932,39.458,5.122039125192232,4,AT_RISK,0
ENR000602,BSIT001,Male,Bachelor of Science in Information Technology,1,1,BICT1101,End User Computing,1,NEW,38.72,46.29,29.34,67.15,6,0.0,2,40.54,FAIL,HIGH,38.177,0.5766194226925654,1,1,8.491091410021054,45.664,67.374,49.932,39.458,5.122039125192232,4,AT_RISK,0
ENR000603,BSIT001,Male,Bachelor of Science in Information Technology,1,1,BICT1102,Introduction to Programming,1,NEW,44.3,52.36,35.79,72.63,6,0.0,2,35.29,FAIL,HIGH,44.165,0.6099407118352317,1,0,8.286018344174721,45.664,67.374,49.932,39.458,5.122039125192232,4,AT_RISK,0
ENR000604,BSIT001,Male,Bachelor of Science in Information Technology,1,1,COMM1101,Communication Skills I,1,NEW,52.26,51.11,54.12,67.23,6,0.0,2,57.09,PASS,MEDIUM,52.473,0.7773314327931826,0,1,1.5188921401249433,45.664,67.374,49.932,39.458,5.122039125192232,4,AT_RISK,0
ENR000605,BSIT001,Male,Bachelor of Science in Information Technology,1,1,IT1102,Networking Fundamentals,1,NEW,47.97,50.77,39.34,66.46,6,0.0,2,39.46,FAIL,HIGH,46.221000000000004,0.7217874327734829,1,1,5.957653341151474,45.664,67.374,49.932,39.458,5.122039125192232,4,AT_RISK,0
ENR000606,BSIT002,Male,Bachelor of Science in Information Technology,1,1,IT1101,Information Technology Essentials,1,NEW,35.84,38.13,30.9,54.21,6,0.0,2,40.52,FAIL,HIGH,35.045,0.6611325103979874,1,1,3.695055254435764,35.906,50.37,41.068,30.784,5.627726450352753,5,AT_RISK,0
ENR000607,BSIT002,Male,Bachelor of Science in Information Technology,1,1,BICT1101,End User Computing,1,NEW,43.06,43.8,41.91,47.96,6,0.0,2,43.68,FAIL,HIGH,42.937,0.8978313390676941,1,1,0.9523829761883266,35.906,50.37,41.068,30.784,5.627726450352753,5,AT_RISK,0
ENR000608,BSIT002,Male,Bachelor of Science in Information Technology,1,1,BICT1102,Introduction to Programming,1,NEW,28.28,34.77,28.25,53.84,6,0.0,2,32.09,FAIL,HIGH,30.218,0.5252599321582592,1,1,3.7556934557193755,35.906,50.37,41.068,30.784,5.627726450352753,5,AT_RISK,0
ENR000609,BSIT002,Male,Bachelor of Science in Information Technology,1,1,COMM1101,Communication Skills I,1,NEW,40.2,43.64,37.39,45.37,6,0.0,2,38.61,FAIL,HIGH,40.389,0.8860478540780573,1,1,3.130287526729773,35.906,50.37,41.068,30.784,5.627726450352753,5,AT_RISK,0
ENR000610,BSIT002,Male,Bachelor of Science in Information Technology,1,1,IT1102,Networking Fundamentals,1,NEW,32.15,45.0,15.47,50.47,6,0.0,2,28.5,FAIL,HIGH,31.000999999999998,0.6370119601719912,1,1,14.806337607029407,35.906,50.37,41.068,30.784,5.627726450352753,5,AT_RISK,0
ENR000611,BSIT003,Female,Bachelor of Science in Information Technology,1,1,IT1101,Information Technology Essentials,1,NEW,63.71,64.67,59.34,86.25,5,0.0,0,66.68,PASS,LOW,62.687,0.7386665810241645,0,0,2.8409916109227296,66.992,80.88199999999999,68.252,63.212,3.5798899424423665,0,LOW,1
ENR000612,BSIT003,Female,Bachelor of Science in Information Technology,1,1,BICT1101,End User Computing,1,NEW,64.07,66.82,58.01,75.8,5,0.0,0,69.79,PASS,LOW,63.077,0.8452505481199803,0,0,4.507441994450213,66.992,80.88199999999999,68.252,63.212,3.5798899424423665,0,LOW,1
ENR000613,BSIT003,Female,Bachelor of Science in Information Technology,1,1,BICT1102,Introduction to Programming,1,NEW,68.76,69.6,67.91,81.68,5,0.0,0,58.7,PASS,LOW,68.757,0.8418216403254603,0,0,0.8450049309520812,66.992,80.88199999999999,68.252,63.212,3.5798899424423665,0,LOW,1
ENR000614,BSIT003,Female,Bachelor of Science in Information Technology,1,1,COMM1101,Communication Skills I,1,NEW,70.61,78.11,64.19,81.35,5,0.0,0,74.75,PASS,LOW,70.934,0.8679777666898874,0,0,6.966979259334709,66.992,80.88199999999999,68.252,63.212,3.5798899424423665,0,LOW,1
ENR000615,BSIT003,Female,Bachelor of Science in Information Technology,1,1,IT1102,Networking Fundamentals,1,NEW,67.81,62.06,66.61,79.33,5,0.0,0,67.28,PASS,LOW,65.725,0.8547837066956124,0,0,3.033287545441963,66.992,80.88199999999999,68.252,63.212,3.5798899424423665,0,LOW,1
ENR000616,BSIT004,Female,Bachelor of Science in Information Technology,1,1,IT1101,Information Technology Essentials,1,NEW,53.76,56.06,51.47,61.29,5,0.0,0,50.29,PASS,MEDIUM,53.763000000000005,0.8771413155259723,0,1,2.295001815540315,51.298,61.436,54.760000000000005,49.906,5.169470717588021,1,AT_RISK,0
ENR000617,BSIT004,Female,Bachelor of Science in Information Technology,1,1,BICT1101,End User Computing,1,NEW,50.6,52.82,53.02,55.89,5,0.0,0,61.39,PASS,HIGH,51.992000000000004,0.9053496322509157,0,1,1.3431803055931597,51.298,61.436,54.760000000000005,49.906,5.169470717588021,1,AT_RISK,0
ENR000618,BSIT004,Female,Bachelor of Science in Information Technology,1,1,BICT1102,Introduction to Programming,1,NEW,43.35,57.98,32.82,62.55,5,0.0,0,37.22,FAIL,HIGH,44.58,0.6930454527505272,1,1,12.635554334232166,51.298,61.436,54.760000000000005,49.906,5.169470717588021,1,AT_RISK,0
ENR000619,BSIT004,Female,Bachelor of Science in Information Technology,1,1,COMM1101,Communication Skills I,1,NEW,58.59,59.86,58.05,62.27,5,0.0,0,55.14,PASS,MEDIUM,58.809,0.9409023701778753,0,1,0.9292111349598293,51.298,61.436,54.760000000000005,49.906,5.169470717588021,1,AT_RISK,0
ENR000620,BSIT004,Female,Bachelor of Science in Information Technology,1,1,IT1102,Networking Fundamentals,1,NEW,50.19,47.08,54.17,65.18,5,0.0,0,59.93,PASS,MEDIUM,50.45099999999999,0.7700213608436082,0,1,3.5538851979207227,51.298,61.436,54.760000000000005,49.906,5.169470717588021,1,AT_RISK,0
ENR000621,BSIT005,Female,Bachelor of Science in Information Technology,1,1,IT1101,Information Technology Essentials,2,RETURNING,40.51,38.78,42.02,46.96,7,0.0,2,38.05,FAIL,HIGH,40.444,0.8626488793337138,1,1,1.6212443780421681,37.20399999999999,49.07,37.548,36.032,7.679057839344618,5,AT_RISK,0
ENR000622,BSIT005,Female,Bachelor of Science in Information Technology,1,1,BICT1101,End User Computing,2,RETURNING,34.85,41.37,26.96,48.38,7,0.0,2,27.96,FAIL,HIGH,34.439,0.7203388341589843,1,1,7.215845988748188,37.20399999999999,49.07,37.548,36.032,7.679057839344618,5,AT_RISK,0
ENR000623,BSIT005,Female,Bachelor of Science in Information Technology,1,1,BICT1102,Introduction to Programming,2,RETURNING,23.63,31.16,20.18,44.43,7,0.0,2,16.42,FAIL,HIGH,24.854,0.5318477308467857,1,1,5.614917630740455,37.20399999999999,49.07,37.548,36.032,7.679057839344618,5,AT_RISK,0
ENR000624,BSIT005,Female,Bachelor of Science in Information Technology,1,1,COMM1101,Communication Skills I,2,RETURNING,45.0,41.31,47.49,56.85,7,0.0,2,50.22,FAIL,HIGH,44.64,0.7915565889962024,1,1,3.1093568466806762,37.20399999999999,49.07,37.548,36.032,7.679057839344618,5,AT_RISK,0
ENR000625,BSIT005,Female,Bachelor of Science in Information Technology,1,1,IT1102,Networking Fundamentals,2,RETURNING,42.03,35.12,43.51,48.73,7,0.0,2,30.54,FAIL,HIGH,40.401,0.8625075184675727,1,1,4.478292085159253,37.20399999999999,49.07,37.548,36.032,7.679057839344618,5,AT_RISK,0
ENR000626,BSIT006,Male,Bachelor of Science in Information Technology,1,1,IT1101,Information Technology Essentials,2,RETURNING,34.63,35.91,26.86,44.18,6,0.0,1,40.4,FAIL,HIGH,32.683,0.7838386636852278,1,1,4.897512974289433,36.012,48.634,39.528,33.024,4.1376793979234305,5,AT_RISK,0
ENR000627,BSIT006,Male,Bachelor of Science in Information Technology,1,1,BICT1101,End User Computing,2,RETURNING,38.64,40.16,38.81,48.89,6,0.0,1,34.82,FAIL,HIGH,39.147000000000006,0.7903455123040474,1,1,0.8328465244769464,36.012,48.634,39.528,33.024,4.1376793979234305,5,AT_RISK,0
ENR000628,BSIT006,Male,Bachelor of Science in Information Technology,1,1,BICT1102,Introduction to Programming,2,RETURNING,29.66,39.15,24.9,48.35,6,0.0,1,21.28,FAIL,HIGH,31.079,0.6134435132484978,1,1,7.254655976221983,36.012,48.634,39.528,33.024,4.1376793979234305,5,AT_RISK,0
ENR000629,BSIT006,Male,Bachelor of Science in Information Technology,1,1,COMM1101,Communication Skills I,2,RETURNING,39.43,34.25,48.78,47.75,6,0.0,1,48.6,FAIL,HIGH,40.681,0.825758989369845,1,1,7.364054589694458,36.012,48.634,39.528,33.024,4.1376793979234305,5,AT_RISK,0
ENR000630,BSIT006,Male,Bachelor of Science in Information Technology,1,1,IT1102,Networking Fundamentals,2,RETURNING,37.7,48.17,25.77,54.0,6,0.0,1,36.67,FAIL,HIGH,37.262,0.698148018861478,1,1,11.207927254106059,36.012,48.634,39.528,33.024,4.1376793979234305,5,AT_RISK,0
ENR000631,BSIT007,Male,Bachelor of Science in Information Technology,1,1,IT1101,Information Technology Essentials,1,NEW,71.55,63.78,78.95,87.15,5,0.0,0,74.0,PASS,LOW,71.439,0.8209981846244193,0,0,7.585751995243013,74.854,85.106,72.828,74.4,1.8861056439128807,0,LOW,1
ENR000632,BSIT007,Male,Bachelor of Science in Information Technology,1,1,BICT1101,End User Computing,1,NEW,77.51,75.32,73.72,93.59,5,0.0,0,72.99,PASS,LOW,75.71600000000001,0.828186683600098,0,0,1.9026385188294037,74.854,85.106,72.828,74.4,1.8861056439128807,0,LOW,1
ENR000633,BSIT007,Male,Bachelor of Science in Information Technology,1,1,BICT1102,Introduction to Programming,1,NEW,73.03,74.33,71.11,83.21,5,0.0,0,61.71,PASS,LOW,72.844,0.8776588297489689,0,0,1.6199176933823929,74.854,85.106,72.828,74.4,1.8861056439128807,0,LOW,1
ENR000634,BSIT007,Male,Bachelor of Science in Information Technology,1,1,COMM1101,Communication Skills I,1,NEW,75.97,72.05,78.62,83.28,5,0.0,0,82.5,PASS,LOW,75.589,0.9122237137099286,0,0,3.3053945805808658,74.854,85.106,72.828,74.4,1.8861056439128807,0,LOW,1
ENR000635,BSIT007,Male,Bachelor of Science in Information Technology,1,1,IT1102,Networking Fundamentals,1,NEW,76.21,78.66,69.6,78.3,5,0.0,0,74.6,PASS,LOW,74.96199999999999,0.9733076662442316,0,0,4.686473443148199,74.854,85.106,72.828,74.4,1.8861056439128807,0,LOW,1
ENR000636,BSIT008,Male,Bachelor of Science in Information Technology,1,1,IT1101,Information Technology Essentials,1,NEW,64.73,64.22,58.44,75.72,6,0.0,1,69.28,PASS,LOW,62.690000000000005,0.8548598976677367,0,0,3.493627532140962,56.774,70.286,58.158,55.444,4.827879783093197,1,LOW,1
ENR000637,BSIT008,Male,Bachelor of Science in Information Technology,1,1,BICT1101,End User Computing,1,NEW,52.85,54.14,50.68,72.63,6,0.0,1,55.05,PASS,MEDIUM,52.586,0.7276606460607675,0,0,1.7485517817134657,56.774,70.286,58.158,55.444,4.827879783093197,1,AT_RISK,0
ENR000638,BSIT008,Male,Bachelor of Science in Information Technology,1,1,BICT1102,Introduction to Programming,1,NEW,60.32,59.57,58.99,67.88,6,0.0,1,49.83,PASS,MEDIUM,59.696,0.8886268578923309,0,1,0.6668083182844469,56.774,70.286,58.158,55.444,4.827879783093197,1,AT_RISK,0
ENR000639,BSIT008,Male,Bachelor of Science in Information Technology,1,1,COMM1101,Communication Skills I,1,NEW,57.41,55.54,60.53,69.89,6,0.0,1,59.23,PASS,MEDIUM,57.785,0.8214335639671534,0,1,2.5209588123040287,56.774,70.286,58.158,55.444,4.827879783093197,1,AT_RISK,0
ENR000640,BSIT008,Male,Bachelor of Science in Information Technology,1,1,IT1102,Networking Fundamentals,1,NEW,48.56,57.32,48.58,65.31,6,0.0,1,60.06,PASS,HIGH,51.194,0.7435307390092268,1,1,5.051824752832716,56.774,70.286,58.158,55.444,4.827879783093197,1,AT_RISK,0
ENR000641,BSIT009,Female,Bachelor of Science in Information Technology,1,1,IT1101,Information Technology Essentials,1,NEW,62.66,52.38,67.25,66.19,5,0.0,1,65.33,PASS,MEDIUM,60.953,0.9466685380467535,0,1,7.614278254262403,55.854,66.662,57.854,53.984,3.3876037253492353,0,AT_RISK,0
ENR000642,BSIT009,Female,Bachelor of Science in Information Technology,1,1,BICT1101,End User Computing,1,NEW,54.57,60.52,49.86,70.21,5,0.0,1,55.51,PASS,MEDIUM,54.942,0.7772395987409773,0,0,5.3420064894506964,55.854,66.662,57.854,53.984,3.3876037253492353,0,AT_RISK,0
ENR000643,BSIT009,Female,Bachelor of Science in Information Technology,1,1,BICT1102,Introduction to Programming,1,NEW,52.19,56.48,48.14,64.3,5,0.0,1,48.5,FAIL,MEDIUM,52.262,0.8116639484192926,0,1,4.170575499856103,55.854,66.662,57.854,53.984,3.3876037253492353,0,AT_RISK,0
ENR000644,BSIT009,Female,Bachelor of Science in Information Technology,1,1,COMM1101,Communication Skills I,1,NEW,54.79,53.14,53.5,61.88,5,0.0,1,44.98,FAIL,MEDIUM,53.908,0.8854232570421368,0,1,0.8675828490697581,55.854,66.662,57.854,53.984,3.3876037253492353,0,AT_RISK,0
ENR000645,BSIT009,Female,Bachelor of Science in Information Technology,1,1,IT1102,Networking Fundamentals,1,NEW,55.06,66.75,51.17,70.73,5,0.0,1,50.79,PASS,MEDIUM,57.4,0.7784531629502102,0,0,8.108890183002849,55.854,66.662,57.854,53.984,3.3876037253492353,0,AT_RISK,0
ENR000646,BSIT010,Male,Bachelor of Science in Information Technology,1,1,IT1101,Information Technology Essentials,2,RETURNING,39.71,43.32,38.87,40.86,5,0.0,1,29.99,FAIL,HIGH,40.541000000000004,0.9718548771769757,1,1,2.3643251327457775,36.488,43.648,38.474000000000004,35.15599999999999,2.910204494532988,5,AT_RISK,0
ENR000647,BSIT010,Male,Bachelor of Science in Information Technology,1,1,BICT1101,End User Computing,2,RETURNING,35.64,34.87,38.01,41.62,5,0.0,1,40.02,FAIL,HIGH,36.12,0.8563188716196849,1,1,1.6365308837089916,36.488,43.648,38.474000000000004,35.15599999999999,2.910204494532988,5,AT_RISK,0
ENR000648,BSIT010,Male,Bachelor of Science in Information Technology,1,1,BICT1102,Introduction to Programming,2,RETURNING,35.59,43.18,28.56,50.67,5,0.0,1,28.85,FAIL,HIGH,35.758,0.7023878621693581,1,1,7.311787287205047,36.488,43.648,38.474000000000004,35.15599999999999,2.910204494532988,5,AT_RISK,0
ENR000649,BSIT010,Male,Bachelor of Science in Information Technology,1,1,COMM1101,Communication Skills I,2,RETURNING,38.29,34.91,41.51,47.65,5,0.0,1,39.68,FAIL,HIGH,38.242,0.8035675123677833,1,1,3.3003232164946112,36.488,43.648,38.474000000000004,35.15599999999999,2.910204494532988,5,AT_RISK,0
ENR000650,BSIT010,Male,Bachelor of Science in Information Technology,1,1,IT1102,Networking Fundamentals,2,RETURNING,33.21,36.09,28.83,37.44,5,0.0,1,26.62,FAIL,HIGH,32.76,0.8870189938517644,1,1,3.655735220171179,36.488,43.648,38.474000000000004,35.15599999999999,2.910204494532988,5,AT_RISK,0
ENR000651,BSIT011,Female,Bachelor of Science in Information Technology,1,1,IT1101,Information Technology Essentials,1,NEW,78.95,72.78,83.7,87.59,5,0.0,0,76.47,PASS,LOW,78.524,0.90135849967365,0,0,5.475366045602188,78.434,83.25,78.088,77.042,1.9393004666631761,0,LOW,1
ENR000652,BSIT011,Female,Bachelor of Science in Information Technology,1,1,BICT1101,End User Computing,1,NEW,77.19,86.11,66.76,82.44,5,0.0,0,59.63,PASS,LOW,76.737,0.9363172081129053,0,0,9.684814574029453,78.434,83.25,78.088,77.042,1.9393004666631761,0,LOW,1
ENR000653,BSIT011,Female,Bachelor of Science in Information Technology,1,1,BICT1102,Introduction to Programming,1,NEW,74.93,85.91,67.46,76.88,5,0.0,0,67.69,PASS,LOW,75.983,0.9746356692721555,0,0,9.280479513473429,78.434,83.25,78.088,77.042,1.9393004666631761,0,LOW,1
ENR000654,BSIT011,Female,Bachelor of Science in Information Technology,1,1,COMM1101,Communication Skills I,1,NEW,78.71,72.86,80.07,89.01,5,0.0,0,93.79,PASS,LOW,77.363,0.8842825655226866,0,0,3.8309311313743692,78.434,83.25,78.088,77.042,1.9393004666631761,0,LOW,1
ENR000655,BSIT011,Female,Bachelor of Science in Information Technology,1,1,IT1102,Networking Fundamentals,1,NEW,82.39,72.78,87.22,80.33,5,0.0,0,85.2,PASS,LOW,80.956,1.0256440899235542,0,0,7.350675705901691,78.434,83.25,78.088,77.042,1.9393004666631761,0,LOW,1
ENR000656,BSIT012,Female,Bachelor of Science in Information Technology,1,1,IT1101,Information Technology Essentials,1,NEW,76.13,72.53,77.09,85.06,5,0.0,0,70.85,PASS,LOW,75.338,0.8950151781077852,0,0,2.403996672210675,69.19399999999999,84.138,70.862,67.148,7.184331444191592,0,LOW,1
ENR000657,BSIT012,Female,Bachelor of Science in Information Technology,1,1,BICT1101,End User Computing,1,NEW,76.37,74.59,73.74,91.21,5,0.0,0,70.39,PASS,LOW,75.047,0.8372984500275793,0,0,1.34212518045077,69.19399999999999,84.138,70.862,67.148,7.184331444191592,0,LOW,1
ENR000658,BSIT012,Female,Bachelor of Science in Information Technology,1,1,BICT1102,Introduction to Programming,1,NEW,60.26,68.39,51.08,85.56,5,0.0,0,71.1,PASS,LOW,59.94499999999999,0.7043009929521981,0,0,8.660305999212731,69.19399999999999,84.138,70.862,67.148,7.184331444191592,0,LOW,1
ENR000659,BSIT012,Female,Bachelor of Science in Information Technology,1,1,COMM1101,Communication Skills I,1,NEW,72.31,68.36,75.89,78.35,5,0.0,0,75.81,PASS,LOW,72.199,0.92290990135164,0,0,3.7665147461988435,69.19399999999999,84.138,70.862,67.148,7.184331444191592,0,LOW,1
ENR000660,BSIT012,Female,Bachelor of Science in Information Technology,1,1,IT1102,Networking Fundamentals,1,NEW,60.9,70.44,57.94,80.51,5,0.0,0,66.64,PASS,LOW,62.873999999999995,0.7564276789929599,0,0,6.532268620726901,69.19399999999999,84.138,70.862,67.148,7.184331444191592,0,LOW,1
ENR000661,BSIT013,Male,Bachelor of Science in Information Technology,1,1,IT1101,Information Technology Essentials,1,NEW,84.5,85.5,80.79,87.23,5,0.0,0,81.88,PASS,LOW,83.68700000000001,0.968703316668197,0,0,2.4815385012796627,79.15599999999999,87.388,81.942,77.42,6.00742736119214,0,LOW,1
ENR000662,BSIT013,Male,Bachelor of Science in Information Technology,1,1,BICT1101,End User Computing,1,NEW,80.46,83.25,81.48,91.56,5,0.0,0,83.6,PASS,LOW,81.603,0.8787679249925813,0,0,1.4117011015083918,79.15599999999999,87.388,81.942,77.42,6.00742736119214,0,LOW,1
ENR000663,BSIT013,Male,Bachelor of Science in Information Technology,1,1,BICT1102,Introduction to Programming,1,NEW,68.98,75.45,65.7,82.98,5,0.0,0,78.15,PASS,LOW,69.93700000000001,0.831284546723964,0,0,4.9612128893379825,79.15599999999999,87.388,81.942,77.42,6.00742736119214,0,LOW,1
ENR000664,BSIT013,Male,Bachelor of Science in Information Technology,1,1,COMM1101,Communication Skills I,1,NEW,84.74,91.27,77.99,91.64,5,0.0,0,78.14,PASS,LOW,84.67399999999999,0.9247052679282771,0,0,6.640303707913769,79.15599999999999,87.388,81.942,77.42,6.00742736119214,0,LOW,1
ENR000665,BSIT013,Male,Bachelor of Science in Information Technology,1,1,IT1102,Networking Fundamentals,1,NEW,77.1,74.24,81.14,83.53,5,0.0,0,82.87,PASS,LOW,77.45400000000001,0.923021558359684,0,0,3.4667756393128983,79.15599999999999,87.388,81.942,77.42,6.00742736119214,0,LOW,1
ENR000666,BSIT014,Male,Bachelor of Science in Information Technology,1,1,IT1101,Information Technology Essentials,1,NEW,63.18,65.67,63.61,73.6,5,0.0,1,70.4,PASS,MEDIUM,64.05600000000001,0.8584237964098103,0,0,1.3309520402078117,58.641999999999996,77.84,62.95,56.339999999999996,3.65033480656227,0,AT_RISK,0
ENR000667,BSIT014,Male,Bachelor of Science in Information Technology,1,1,BICT1101,End User Computing,1,NEW,55.93,60.78,53.24,80.86,5,0.0,1,69.92,PASS,LOW,56.578,0.6916892540577227,0,0,3.821217083600459,58.641999999999996,77.84,62.95,56.339999999999996,3.65033480656227,0,LOW,1
ENR000668,BSIT014,Male,Bachelor of Science in Information Technology,1,1,BICT1102,Introduction to Programming,1,NEW,54.1,65.36,45.17,79.52,5,0.0,1,56.45,PASS,MEDIUM,54.79900000000001,0.6803319063968931,0,0,10.117382731385291,58.641999999999996,77.84,62.95,56.339999999999996,3.65033480656227,0,AT_RISK,0
ENR000669,BSIT014,Male,Bachelor of Science in Information Technology,1,1,COMM1101,Communication Skills I,1,NEW,59.93,57.48,62.04,74.12,5,0.0,1,63.41,PASS,MEDIUM,59.828,0.8085535876209407,0,0,2.2821115952848006,58.641999999999996,77.84,62.95,56.339999999999996,3.65033480656227,0,AT_RISK,0
ENR000670,BSIT014,Male,Bachelor of Science in Information Technology,1,1,IT1102,Networking Fundamentals,1,NEW,60.07,65.46,57.64,81.1,5,0.0,1,57.24,PASS,LOW,60.958,0.740690414218198,0,0,4.002278517711293,58.641999999999996,77.84,62.95,56.339999999999996,3.65033480656227,0,LOW,1
ENR000671,BSIT015,Female,Bachelor of Science in Information Technology,1,1,IT1101,Information Technology Essentials,2,RETURNING,38.12,45.43,30.66,50.77,6,0.0,2,48.53,FAIL,HIGH,38.074999999999996,0.7508369606387707,1,1,7.3851269454221296,41.048,54.698,43.406,39.230000000000004,4.061682286934813,5,AT_RISK,0
ENR000672,BSIT015,Female,Bachelor of Science in Information Technology,1,1,BICT1101,End User Computing,2,RETURNING,41.46,40.09,47.45,52.47,6,0.0,2,40.56,FAIL,HIGH,42.846000000000004,0.7901656584399355,1,1,3.9142176740697496,41.048,54.698,43.406,39.230000000000004,4.061682286934813,5,AT_RISK,0
ENR000673,BSIT015,Female,Bachelor of Science in Information Technology,1,1,BICT1102,Introduction to Programming,2,RETURNING,40.09,43.26,34.69,58.65,6,0.0,2,38.86,FAIL,HIGH,39.421,0.6835463455163947,1,1,4.333085890371127,41.048,54.698,43.406,39.230000000000004,4.061682286934813,5,AT_RISK,0
ENR000674,BSIT015,Female,Bachelor of Science in Information Technology,1,1,COMM1101,Communication Skills I,2,RETURNING,47.48,44.27,51.06,57.33,6,0.0,2,54.79,PASS,HIGH,47.591,0.8281875408708284,1,1,3.396679751365049,41.048,54.698,43.406,39.230000000000004,4.061682286934813,5,AT_RISK,0
ENR000675,BSIT015,Female,Bachelor of Science in Information Technology,1,1,IT1102,Networking Fundamentals,2,RETURNING,38.09,43.98,32.29,54.27,6,0.0,2,30.6,FAIL,HIGH,38.117000000000004,0.7018609357175353,1,1,5.84505774137433,41.048,54.698,43.406,39.230000000000004,4.061682286934813,5,AT_RISK,0
ENR000676,BSIT016,Female,Bachelor of Science in Information Technology,1,1,IT1101,Information Technology Essentials,1,NEW,52.58,56.92,47.01,70.14,6,0.0,0,55.97,PASS,MEDIUM,52.211,0.7496434631246844,0,0,4.967705707869581,52.444,68.92,52.86800000000001,51.912,3.0083648050062037,0,AT_RISK,0
ENR000677,BSIT016,Female,Bachelor of Science in Information Technology,1,1,BICT1101,End User Computing,1,NEW,50.49,49.2,50.68,71.07,6,0.0,0,52.65,PASS,MEDIUM,50.16,0.7104262402664641,0,0,0.8052535832477439,52.444,68.92,52.86800000000001,51.912,3.0083648050062037,0,AT_RISK,0
ENR000678,BSIT016,Female,Bachelor of Science in Information Technology,1,1,BICT1102,Introduction to Programming,1,NEW,51.27,50.59,53.04,60.95,6,0.0,0,44.4,FAIL,MEDIUM,51.597,0.8411811581327058,0,1,1.2647661180365828,52.444,68.92,52.86800000000001,51.912,3.0083648050062037,0,AT_RISK,0
ENR000679,BSIT016,Female,Bachelor of Science in Information Technology,1,1,COMM1101,Communication Skills I,1,NEW,56.45,54.8,61.89,70.79,6,0.0,0,66.41,PASS,MEDIUM,57.587,0.7974289027505435,0,0,3.7099910152631557,52.444,68.92,52.86800000000001,51.912,3.0083648050062037,0,AT_RISK,0
ENR000680,BSIT016,Female,Bachelor of Science in Information Technology,1,1,IT1102,Networking Fundamentals,1,NEW,51.43,52.83,46.94,71.65,6,0.0,0,54.84,PASS,MEDIUM,50.503,0.7177947358276711,0,0,3.077125281817431,52.444,68.92,52.86800000000001,51.912,3.0083648050062037,0,AT_RISK,0
ENR000681,BSIT017,Male,Bachelor of Science in Information Technology,1,1,IT1101,Information Technology Essentials,1,NEW,35.1,37.27,33.39,55.48,5,0.0,0,43.78,FAIL,HIGH,35.238,0.6326603041347686,1,1,1.944539362762641,35.63,56.67999999999999,35.646,34.512,4.543069700103665,5,AT_RISK,0
ENR000682,BSIT017,Male,Bachelor of Science in Information Technology,1,1,BICT1101,End User Computing,1,NEW,31.2,31.28,30.58,55.41,5,0.0,0,40.81,FAIL,HIGH,31.038,0.5630751555540235,1,1,0.38314488121336154,35.63,56.67999999999999,35.646,34.512,4.543069700103665,5,AT_RISK,0
ENR000683,BSIT017,Male,Bachelor of Science in Information Technology,1,1,BICT1102,Introduction to Programming,1,NEW,37.39,33.59,40.4,58.15,5,0.0,0,44.02,FAIL,HIGH,37.153,0.6429921508182028,1,1,3.4126285079588308,35.63,56.67999999999999,35.646,34.512,4.543069700103665,5,AT_RISK,0
ENR000684,BSIT017,Male,Bachelor of Science in Information Technology,1,1,COMM1101,Communication Skills I,1,NEW,43.01,39.45,42.92,55.13,5,0.0,0,53.04,FAIL,HIGH,41.915,0.7801558534090597,1,1,2.029885054216944,35.63,56.67999999999999,35.646,34.512,4.543069700103665,5,AT_RISK,0
ENR000685,BSIT017,Male,Bachelor of Science in Information Technology,1,1,IT1102,Networking Fundamentals,1,NEW,31.45,36.64,25.27,59.23,5,0.0,0,35.48,FAIL,HIGH,31.153,0.5309808321828748,1,1,5.692178844695588,35.63,56.67999999999999,35.646,34.512,4.543069700103665,5,AT_RISK,0
ENR000686,BSIT018,Male,Bachelor of Science in Information Technology,1,1,IT1101,Information Technology Essentials,1,NEW,71.42,73.72,69.53,98.2,4,0.0,0,75.37,PASS,LOW,71.543,0.7272911683002883,0,0,2.0983406142314758,72.78,94.964,78.554,66.89,8.96115730249168,0,LOW,1
ENR000687,BSIT018,Male,Bachelor of Science in Information Technology,1,1,BICT1101,End User Computing,1,NEW,78.96,82.29,75.52,90.29,4,0.0,0,70.45,PASS,LOW,78.92699999999999,0.8745153533596904,0,0,3.3851489381315805,72.78,94.964,78.554,66.89,8.96115730249168,0,LOW,1
ENR000688,BSIT018,Male,Bachelor of Science in Information Technology,1,1,BICT1102,Introduction to Programming,1,NEW,65.21,75.83,51.54,87.13,4,0.0,0,58.35,PASS,LOW,64.295,0.7484218124157221,0,0,12.176872888115952,72.78,94.964,78.554,66.89,8.96115730249168,0,LOW,1
ENR000689,BSIT018,Male,Bachelor of Science in Information Technology,1,1,COMM1101,Communication Skills I,1,NEW,84.49,90.47,78.82,100.0,4,0.0,0,92.81,PASS,LOW,84.583,0.8448999155100084,0,0,5.825687370030542,72.78,94.964,78.554,66.89,8.96115730249168,0,LOW,1
ENR000690,BSIT018,Male,Bachelor of Science in Information Technology,1,1,IT1102,Networking Fundamentals,1,NEW,63.82,70.46,59.04,99.2,4,0.0,0,66.92,PASS,LOW,64.378,0.6433467093400494,0,0,5.735189621974148,72.78,94.964,78.554,66.89,8.96115730249168,0,LOW,1
ENR000691,BSIT019,Female,Bachelor of Science in Information Technology,1,1,IT1101,Information Technology Essentials,1,NEW,72.94,66.47,81.9,87.62,4,0.0,0,64.99,PASS,LOW,73.687,0.8324582478363104,0,0,7.748412740684382,74.05799999999999,92.556,74.438,75.24600000000001,4.2677253074676695,0,LOW,1
ENR000692,BSIT019,Female,Bachelor of Science in Information Technology,1,1,BICT1101,End User Computing,1,NEW,79.81,83.9,77.1,93.0,4,0.0,0,79.36,PASS,LOW,80.224,0.8581719507341988,0,0,3.4232586814320705,74.05799999999999,92.556,74.438,75.24600000000001,4.2677253074676695,0,LOW,1
ENR000693,BSIT019,Female,Bachelor of Science in Information Technology,1,1,BICT1102,Introduction to Programming,1,NEW,69.58,72.47,65.13,90.94,4,0.0,0,68.31,PASS,LOW,69.112,0.7651197751132862,0,0,3.6975262000424034,74.05799999999999,92.556,74.438,75.24600000000001,4.2677253074676695,0,LOW,1
ENR000694,BSIT019,Female,Bachelor of Science in Information Technology,1,1,COMM1101,Communication Skills I,1,NEW,75.11,74.99,81.76,93.09,4,0.0,0,82.47,PASS,LOW,77.069,0.8068534958799553,0,0,3.874484912002287,74.05799999999999,92.556,74.438,75.24600000000001,4.2677253074676695,0,LOW,1
ENR000695,BSIT019,Female,Bachelor of Science in Information Technology,1,1,IT1102,Networking Fundamentals,1,NEW,72.85,74.36,70.34,98.13,4,0.0,0,79.64,PASS,LOW,72.55000000000001,0.7423824781022645,0,0,2.030623877859542,74.05799999999999,92.556,74.438,75.24600000000001,4.2677253074676695,0,LOW,1
ENR000696,BSIT020,Male,Bachelor of Science in Information Technology,1,1,IT1101,Information Technology Essentials,1,NEW,75.35,69.26,80.61,73.97,5,0.0,0,76.65,PASS,MEDIUM,75.101,1.0186560742657733,0,0,5.6800557509001,68.262,81.72,68.24,68.934,5.7690684256645755,0,AT_RISK,0
ENR000697,BSIT020,Male,Bachelor of Science in Information Technology,1,1,BICT1101,End User Computing,1,NEW,69.83,71.89,65.31,83.13,5,0.0,0,71.16,PASS,LOW,69.09200000000001,0.8400095224335953,0,0,3.36576885718553,68.262,81.72,68.24,68.934,5.7690684256645755,0,LOW,1
ENR000698,BSIT020,Male,Bachelor of Science in Information Technology,1,1,BICT1102,Introduction to Programming,1,NEW,69.2,66.64,69.77,81.92,5,0.0,0,63.32,PASS,LOW,68.60300000000001,0.8447264593839771,0,0,1.667103276144981,68.262,81.72,68.24,68.934,5.7690684256645755,0,LOW,1
ENR000699,BSIT020,Male,Bachelor of Science in Information Technology,1,1,COMM1101,Communication Skills I,1,NEW,69.58,70.41,71.04,85.85,5,0.0,0,63.52,PASS,LOW,70.267,0.8104833068743964,0,0,0.732279545893055,68.262,81.72,68.24,68.934,5.7690684256645755,0,LOW,1
ENR000700,BSIT020,Male,Bachelor of Science in Information Technology,1,1,IT1102,Networking Fundamentals,1,NEW,57.35,63.0,57.94,83.73,5,0.0,0,57.15,PASS,LOW,59.222,0.6849396052860856,0,0,3.1057527267958727,68.262,81.72,68.24,68.934,5.7690684256645755,0,LOW,1
ENR000701,BSIT021,Male,Bachelor of Science in Information Technology,1,1,IT1101,Information Technology Essentials,1,NEW,50.01,47.26,54.41,62.2,6,0.0,1,54.45,PASS,MEDIUM,50.504999999999995,0.8040191633409705,0,1,3.6065911883660995,50.668,64.228,51.762,50.269999999999996,3.718958147115933,3,AT_RISK,0
ENR000702,BSIT021,Male,Bachelor of Science in Information Technology,1,1,BICT1101,End User Computing,1,NEW,57.79,54.24,59.57,62.83,6,0.0,1,56.35,PASS,MEDIUM,57.25899999999999,0.9197833965011305,0,1,2.7135401231601484,50.668,64.228,51.762,50.269999999999996,3.718958147115933,3,AT_RISK,0
ENR000703,BSIT021,Male,Bachelor of Science in Information Technology,1,1,BICT1102,Introduction to Programming,1,NEW,48.73,53.73,44.71,67.4,6,0.0,1,44.41,FAIL,HIGH,49.024,0.7229969253713759,1,1,4.51886416407191,50.668,64.228,51.762,50.269999999999996,3.718958147115933,3,AT_RISK,0
ENR000704,BSIT021,Male,Bachelor of Science in Information Technology,1,1,COMM1101,Communication Skills I,1,NEW,48.64,49.91,51.53,67.21,6,0.0,1,44.26,FAIL,HIGH,49.888000000000005,0.7237017224071236,1,1,1.4485279884535662,50.668,64.228,51.762,50.269999999999996,3.718958147115933,3,AT_RISK,0
ENR000705,BSIT021,Male,Bachelor of Science in Information Technology,1,1,IT1102,Networking Fundamentals,1,NEW,48.17,53.67,41.13,61.5,6,0.0,1,45.1,FAIL,HIGH,47.708,0.7832519051622918,1,1,6.285740476135913,50.668,64.228,51.762,50.269999999999996,3.718958147115933,3,AT_RISK,0
ENR000706,BSIT022,Female,Bachelor of Science in Information Technology,1,1,IT1101,Information Technology Essentials,1,NEW,47.11,47.01,49.79,74.52,6,0.0,0,51.24,FAIL,MEDIUM,47.884,0.6321791958965115,1,0,1.576959099025717,45.730000000000004,69.814,48.11,43.052,3.4580802911442023,4,AT_RISK,0
ENR000707,BSIT022,Female,Bachelor of Science in Information Technology,1,1,BICT1101,End User Computing,1,NEW,41.52,40.1,43.31,66.22,6,0.0,0,42.14,FAIL,HIGH,41.631,0.6270008113861656,1,1,1.6085500717519907,45.730000000000004,69.814,48.11,43.052,3.4580802911442023,4,AT_RISK,0
ENR000708,BSIT022,Female,Bachelor of Science in Information Technology,1,1,BICT1102,Introduction to Programming,1,NEW,43.17,47.18,39.29,66.54,6,0.0,0,41.44,FAIL,HIGH,43.209,0.648782589602857,1,1,3.9451784919485373,45.730000000000004,69.814,48.11,43.052,3.4580802911442023,4,AT_RISK,0
ENR000709,BSIT022,Female,Bachelor of Science in Information Technology,1,1,COMM1101,Communication Skills I,1,NEW,50.63,55.76,44.03,68.59,6,0.0,0,60.04,PASS,MEDIUM,50.18899999999999,0.7381541422723221,0,1,5.880331623301528,45.730000000000004,69.814,48.11,43.052,3.4580802911442023,4,AT_RISK,0
ENR000710,BSIT022,Female,Bachelor of Science in Information Technology,1,1,IT1102,Networking Fundamentals,1,NEW,46.22,50.5,38.84,73.2,6,0.0,0,35.67,FAIL,MEDIUM,45.29,0.6314206787676667,1,0,5.898282235815213,45.730000000000004,69.814,48.11,43.052,3.4580802911442023,4,AT_RISK,0
ENR000711,BSIT023,Female,Bachelor of Science in Information Technology,1,1,IT1101,Information Technology Essentials,1,NEW,49.6,55.63,44.5,70.96,6,0.0,0,46.52,FAIL,MEDIUM,49.879000000000005,0.698985245351572,1,0,5.571471977852892,48.604,66.586,54.98,42.646,3.27960017380168,3,AT_RISK,0
ENR000712,BSIT023,Female,Bachelor of Science in Information Technology,1,1,BICT1101,End User Computing,1,NEW,50.62,55.89,40.52,63.17,6,0.0,0,53.81,PASS,MEDIUM,49.17100000000001,0.8013296182793068,0,1,7.810460933901403,48.604,66.586,54.98,42.646,3.27960017380168,3,AT_RISK,0
ENR000713,BSIT023,Female,Bachelor of Science in Information Technology,1,1,BICT1102,Introduction to Programming,1,NEW,44.1,51.21,41.29,70.38,6,0.0,0,38.73,FAIL,HIGH,45.39,0.6265983764424018,1,0,5.112967175069026,48.604,66.586,54.98,42.646,3.27960017380168,3,AT_RISK,0
ENR000714,BSIT023,Female,Bachelor of Science in Information Technology,1,1,COMM1101,Communication Skills I,1,NEW,53.07,59.17,48.07,67.99,6,0.0,0,54.65,PASS,MEDIUM,53.400000000000006,0.7805558493078616,0,1,5.559076661940662,48.604,66.586,54.98,42.646,3.27960017380168,3,AT_RISK,0
ENR000715,BSIT023,Female,Bachelor of Science in Information Technology,1,1,IT1102,Networking Fundamentals,1,NEW,45.63,53.0,38.85,60.43,6,0.0,0,39.87,FAIL,HIGH,45.807,0.755088407233426,1,1,7.077049761965315,48.604,66.586,54.98,42.646,3.27960017380168,3,AT_RISK,0
ENR000716,BSIT024,Female,Bachelor of Science in Information Technology,1,1,IT1101,Information Technology Essentials,1,NEW,31.97,34.08,28.89,49.09,7,0.0,2,42.68,FAIL,HIGH,31.678999999999995,0.6512526683127584,1,1,2.6100638561792557,32.745999999999995,46.769999999999996,34.751999999999995,31.094,2.0219256168316377,5,AT_RISK,0
ENR000717,BSIT024,Female,Bachelor of Science in Information Technology,1,1,BICT1101,End User Computing,1,NEW,33.55,41.42,25.21,50.51,7,0.0,2,26.16,FAIL,HIGH,33.409,0.6642247744555979,1,1,8.106135536328846,32.745999999999995,46.769999999999996,34.751999999999995,31.094,2.0219256168316377,5,AT_RISK,0
ENR000718,BSIT024,Female,Bachelor of Science in Information Technology,1,1,BICT1102,Introduction to Programming,1,NEW,32.37,30.48,31.41,44.04,7,0.0,2,30.71,FAIL,HIGH,31.515,0.735013457081413,1,1,0.9450396817065393,32.745999999999995,46.769999999999996,34.751999999999995,31.094,2.0219256168316377,5,AT_RISK,0
ENR000719,BSIT024,Female,Bachelor of Science in Information Technology,1,1,COMM1101,Communication Skills I,1,NEW,36.33,33.11,39.02,43.82,7,0.0,2,29.32,FAIL,HIGH,36.171,0.8290732932283675,1,1,2.958958149980047,32.745999999999995,46.769999999999996,34.751999999999995,31.094,2.0219256168316377,5,AT_RISK,0
ENR000720,BSIT024,Female,Bachelor of Science in Information Technology,1,1,IT1102,Networking Fundamentals,1,NEW,29.51,34.67,30.94,46.39,7,0.0,2,28.16,FAIL,HIGH,31.487000000000002,0.6361283388384698,1,1,2.664063312560971,32.745999999999995,46.769999999999996,34.751999999999995,31.094,2.0219256168316377,5,AT_RISK,0
ENR000721,BSIT025,Female,Bachelor of Science in Information Technology,1,1,IT1101,Information Technology Essentials,1,NEW,53.08,61.4,50.49,75.02,5,0.0,1,52.14,PASS,MEDIUM,54.79899999999999,0.7075445604446067,0,0,5.700271923338393,56.794000000000004,71.768,60.739999999999995,54.46,3.4478859899944454,0,AT_RISK,0
ENR000722,BSIT025,Female,Bachelor of Science in Information Technology,1,1,BICT1101,End User Computing,1,NEW,63.49,65.89,59.8,76.25,5,0.0,1,65.94,PASS,LOW,63.102999999999994,0.8326556285041798,0,0,3.067686424652952,56.794000000000004,71.768,60.739999999999995,54.46,3.4478859899944454,0,LOW,1
ENR000723,BSIT025,Female,Bachelor of Science in Information Technology,1,1,BICT1102,Introduction to Programming,1,NEW,54.78,56.09,56.31,70.02,5,0.0,1,62.45,PASS,MEDIUM,55.632000000000005,0.7823477888677822,0,0,0.8271839779234937,56.794000000000004,71.768,60.739999999999995,54.46,3.4478859899944454,0,AT_RISK,0
ENR000724,BSIT025,Female,Bachelor of Science in Information Technology,1,1,COMM1101,Communication Skills I,1,NEW,58.24,63.69,51.04,70.96,5,0.0,1,55.43,PASS,MEDIUM,57.715,0.8207439655095878,0,0,6.345142499056528,56.794000000000004,71.768,60.739999999999995,54.46,3.4478859899944454,0,AT_RISK,0
ENR000725,BSIT025,Female,Bachelor of Science in Information Technology,1,1,IT1102,Networking Fundamentals,1,NEW,54.38,56.63,54.66,66.59,5,0.0,1,44.19,FAIL,MEDIUM,55.13900000000001,0.8166390123683718,0,1,1.226227276377971,56.794000000000004,71.768,60.739999999999995,54.46,3.4478859899944454,0,AT_RISK,0
ENR000726,BSIT026,Male,Bachelor of Science in Information Technology,1,1,IT1101,Information Technology Essentials,1,NEW,79.22,79.99,72.88,87.67,5,0.0,0,79.51,PASS,LOW,77.54899999999999,0.9036157290275203,0,0,3.901721842127311,72.53999999999999,85.652,73.106,70.194,5.984181230544405,0,LOW,1
ENR000727,BSIT026,Male,Bachelor of Science in Information Technology,1,1,BICT1101,End User Computing,1,NEW,67.93,65.93,70.94,84.09,5,0.0,0,76.21,PASS,LOW,68.233,0.8078248533922163,0,0,2.5219106513382483,72.53999999999999,85.652,73.106,70.194,5.984181230544405,0,LOW,1
ENR000728,BSIT026,Male,Bachelor of Science in Information Technology,1,1,BICT1102,Introduction to Programming,1,NEW,68.72,69.23,66.2,87.33,5,0.0,0,74.99,PASS,LOW,68.117,0.7869001732623184,0,0,1.6223131633565693,72.53999999999999,85.652,73.106,70.194,5.984181230544405,0,LOW,1
ENR000729,BSIT026,Male,Bachelor of Science in Information Technology,1,1,COMM1101,Communication Skills I,1,NEW,79.78,79.52,78.86,89.03,5,0.0,0,90.42,PASS,LOW,79.426,0.8961023367289299,0,0,0.47427137098219785,72.53999999999999,85.652,73.106,70.194,5.984181230544405,0,LOW,1
ENR000730,BSIT026,Male,Bachelor of Science in Information Technology,1,1,IT1102,Networking Fundamentals,1,NEW,67.05,70.86,62.09,80.14,5,0.0,0,71.75,PASS,LOW,66.705,0.8366607391239407,0,0,4.397548559519646,72.53999999999999,85.652,73.106,70.194,5.984181230544405,0,LOW,1
ENR000731,BSIT027,Female,Bachelor of Science in Information Technology,1,1,IT1101,Information Technology Essentials,1,NEW,53.26,53.62,51.62,54.4,5,0.0,0,51.2,PASS,HIGH,52.876,0.9790439376757467,0,1,1.066083173740836,49.251999999999995,53.89399999999999,49.321999999999996,48.864,5.198803304607707,3,AT_RISK,0
ENR000732,BSIT027,Female,Bachelor of Science in Information Technology,1,1,BICT1101,End User Computing,1,NEW,49.83,50.41,42.69,50.93,5,0.0,0,51.22,PASS,HIGH,47.862,0.9784015357546562,1,1,4.2995038473448695,49.251999999999995,53.89399999999999,49.321999999999996,48.864,5.198803304607707,3,AT_RISK,0
ENR000733,BSIT027,Female,Bachelor of Science in Information Technology,1,1,BICT1102,Introduction to Programming,1,NEW,42.37,45.76,39.7,53.73,5,0.0,0,45.4,FAIL,HIGH,42.586,0.7885723453243355,1,1,3.037120346644167,49.251999999999995,53.89399999999999,49.321999999999996,48.864,5.198803304607707,3,AT_RISK,0
ENR000734,BSIT027,Female,Bachelor of Science in Information Technology,1,1,COMM1101,Communication Skills I,1,NEW,55.79,46.23,65.21,56.79,5,0.0,0,65.83,PASS,HIGH,55.748000000000005,0.9823910930813359,0,1,9.49008605510684,49.251999999999995,53.89399999999999,49.321999999999996,48.864,5.198803304607707,3,AT_RISK,0
ENR000735,BSIT027,Female,Bachelor of Science in Information Technology,1,1,IT1102,Networking Fundamentals,1,NEW,45.01,50.59,45.1,53.62,5,0.0,0,55.49,PASS,HIGH,46.711,0.8394254309165552,1,1,3.1959505628216487,49.251999999999995,53.89399999999999,49.321999999999996,48.864,5.198803304607707,3,AT_RISK,0
ENR000736,BSIT028,Male,Bachelor of Science in Information Technology,1,1,IT1101,Information Technology Essentials,1,NEW,81.04,80.66,80.36,79.21,5,0.0,0,81.8,PASS,LOW,80.722,1.023103014379117,0,0,0.3407834111768585,81.586,84.518,83.2,81.946,5.450060797826014,0,LOW,1
ENR000737,BSIT028,Male,Bachelor of Science in Information Technology,1,1,BICT1101,End User Computing,1,NEW,84.89,88.41,84.53,85.64,5,0.0,0,93.04,PASS,LOW,85.838,0.9912422943434966,0,0,2.143766156401701,81.586,84.518,83.2,81.946,5.450060797826014,0,LOW,1
ENR000738,BSIT028,Male,Bachelor of Science in Information Technology,1,1,BICT1102,Introduction to Programming,1,NEW,83.27,98.52,67.29,90.18,5,0.0,0,62.67,PASS,LOW,83.051,0.9233753688871845,0,0,15.616421911991658,81.586,84.518,83.2,81.946,5.450060797826014,0,LOW,1
ENR000739,BSIT028,Male,Bachelor of Science in Information Technology,1,1,COMM1101,Communication Skills I,1,NEW,86.94,78.49,97.7,85.83,5,0.0,0,82.42,PASS,LOW,87.633,1.0129324230534285,0,0,9.628120273449023,81.586,84.518,83.2,81.946,5.450060797826014,0,LOW,1
ENR000740,BSIT028,Male,Bachelor of Science in Information Technology,1,1,IT1102,Networking Fundamentals,1,NEW,71.79,69.92,79.85,81.73,5,0.0,0,72.87,PASS,LOW,73.647,0.8783799243386854,0,0,5.276763528275005,81.586,84.518,83.2,81.946,5.450060797826014,0,LOW,1
ENR000741,BSIT029,Male,Bachelor of Science in Information Technology,1,1,IT1101,Information Technology Essentials,1,NEW,29.09,34.94,23.34,54.33,6,0.0,0,30.0,FAIL,HIGH,29.12,0.5354315230201504,1,1,5.800071838635563,27.226,48.803999999999995,30.662,27.424,2.4916469854295165,5,AT_RISK,0
ENR000742,BSIT029,Male,Bachelor of Science in Information Technology,1,1,BICT1101,End User Computing,1,NEW,23.84,24.66,31.13,49.65,6,0.0,0,24.83,FAIL,HIGH,26.273,0.48016103118609643,1,1,3.993273510959815,27.226,48.803999999999995,30.662,27.424,2.4916469854295165,5,AT_RISK,0
ENR000743,BSIT029,Male,Bachelor of Science in Information Technology,1,1,BICT1102,Introduction to Programming,1,NEW,24.02,33.32,18.95,45.8,6,0.0,0,14.77,FAIL,HIGH,25.289,0.5244540339620013,1,1,7.288024423669285,27.226,48.803999999999995,30.662,27.424,2.4916469854295165,5,AT_RISK,0
ENR000744,BSIT029,Male,Bachelor of Science in Information Technology,1,1,COMM1101,Communication Skills I,1,NEW,29.08,30.72,28.89,48.55,6,0.0,0,37.65,FAIL,HIGH,29.515,0.5989700105108113,1,1,1.0061974623965877,27.226,48.803999999999995,30.662,27.424,2.4916469854295165,5,AT_RISK,0
ENR000745,BSIT029,Male,Bachelor of Science in Information Technology,1,1,IT1102,Networking Fundamentals,1,NEW,30.1,29.67,34.81,45.69,6,0.0,0,19.46,FAIL,HIGH,31.384,0.6587873366628723,1,1,2.8515668207729825,27.226,48.803999999999995,30.662,27.424,2.4916469854295165,5,AT_RISK,0
ENR000746,BSIT030,Female,Bachelor of Science in Information Technology,1,1,IT1101,Information Technology Essentials,1,NEW,76.7,73.08,75.52,80.66,4,0.0,0,81.56,PASS,LOW,75.25999999999999,0.9509049155833231,0,0,1.8461852561430574,76.18199999999999,82.962,77.582,75.422,5.394995041702999,0,LOW,1
ENR000747,BSIT030,Female,Bachelor of Science in Information Technology,1,1,BICT1101,End User Computing,1,NEW,67.08,71.56,71.12,85.38,4,0.0,0,65.27,PASS,LOW,69.63600000000001,0.7856639979311316,0,0,2.469331893448107,76.18199999999999,82.962,77.582,75.422,5.394995041702999,0,LOW,1
ENR000748,BSIT030,Female,Bachelor of Science in Information Technology,1,1,BICT1102,Introduction to Programming,1,NEW,75.03,81.36,68.77,85.75,4,0.0,0,66.09,PASS,LOW,75.051,0.8749853207014203,0,0,6.295032433064452,76.18199999999999,82.962,77.582,75.422,5.394995041702999,0,LOW,1
ENR000749,BSIT030,Female,Bachelor of Science in Information Technology,1,1,COMM1101,Communication Skills I,1,NEW,77.63,81.55,72.81,82.75,4,0.0,0,84.79,PASS,LOW,77.36,0.938126774848728,0,0,4.377716299624724,76.18199999999999,82.962,77.582,75.422,5.394995041702999,0,LOW,1
ENR000750,BSIT030,Female,Bachelor of Science in Information Technology,1,1,IT1102,Networking Fundamentals,1,NEW,84.47,80.36,88.89,80.27,4,0.0,0,85.24,PASS,LOW,84.563,1.0523232773983708,0,0,4.265938739988345,76.18199999999999,82.962,77.582,75.422,5.394995041702999,0,LOW,1
ENR000751,BSIT031,Female,Bachelor of Science in Information Technology,1,1,IT1101,Information Technology Essentials,1,NEW,50.48,55.32,45.01,70.75,5,0.0,0,59.64,PASS,MEDIUM,50.291,0.7134981323677551,0,0,5.158207052843072,50.541999999999994,67.88199999999999,53.484,46.989999999999995,4.904578116413278,2,AT_RISK,0
ENR000752,BSIT031,Female,Bachelor of Science in Information Technology,1,1,BICT1101,End User Computing,1,NEW,55.55,59.14,49.7,70.7,5,0.0,0,56.98,PASS,MEDIUM,54.872,0.785714174580739,0,0,4.764874954637667,50.541999999999994,67.88199999999999,53.484,46.989999999999995,4.904578116413278,2,AT_RISK,0
ENR000753,BSIT031,Female,Bachelor of Science in Information Technology,1,1,BICT1102,Introduction to Programming,1,NEW,44.06,53.96,36.05,65.1,5,0.0,0,40.9,FAIL,HIGH,44.626999999999995,0.6768048115507203,1,1,8.971605207542295,50.541999999999994,67.88199999999999,53.484,46.989999999999995,4.904578116413278,2,AT_RISK,0
ENR000754,BSIT031,Female,Bachelor of Science in Information Technology,1,1,COMM1101,Communication Skills I,1,NEW,56.11,48.17,62.33,70.1,5,0.0,0,57.64,PASS,MEDIUM,55.594,0.8004278458733458,0,0,7.097389191338834,50.541999999999994,67.88199999999999,53.484,46.989999999999995,4.904578116413278,2,AT_RISK,0
ENR000755,BSIT031,Female,Bachelor of Science in Information Technology,1,1,IT1102,Networking Fundamentals,1,NEW,46.51,50.83,41.86,62.76,5,0.0,0,42.06,FAIL,HIGH,46.411,0.7410770011030909,1,1,4.486011591603392,50.541999999999994,67.88199999999999,53.484,46.989999999999995,4.904578116413278,2,AT_RISK,0
ENR000756,BSIT032,Female,Bachelor of Science in Information Technology,1,1,IT1101,Information Technology Essentials,1,NEW,64.47,67.39,56.51,82.45,4,0.0,0,52.41,PASS,LOW,62.958,0.7819283466430142,0,0,5.6311988066485466,62.36600000000001,85.21000000000001,61.965999999999994,61.326,4.586364845931906,0,LOW,1
ENR000757,BSIT032,Female,Bachelor of Science in Information Technology,1,1,BICT1101,End User Computing,1,NEW,66.37,65.36,67.15,88.91,4,0.0,0,75.7,PASS,LOW,66.301,0.7464851258030452,0,0,0.8974593769822337,62.36600000000001,85.21000000000001,61.965999999999994,61.326,4.586364845931906,0,LOW,1
ENR000758,BSIT032,Female,Bachelor of Science in Information Technology,1,1,BICT1102,Introduction to Programming,1,NEW,59.71,58.61,61.15,82.12,4,0.0,0,59.71,PASS,LOW,59.812,0.7271065846192664,0,0,1.2737870046963629,62.36600000000001,85.21000000000001,61.965999999999994,61.326,4.586364845931906,0,LOW,1
ENR000759,BSIT032,Female,Bachelor of Science in Information Technology,1,1,COMM1101,Communication Skills I,1,NEW,64.97,61.22,70.5,88.61,4,0.0,0,70.7,PASS,LOW,65.50399999999999,0.7332128729022827,0,0,4.6683651670936515,62.36600000000001,85.21000000000001,61.965999999999994,61.326,4.586364845931906,0,LOW,1
ENR000760,BSIT032,Female,Bachelor of Science in Information Technology,1,1,IT1102,Networking Fundamentals,1,NEW,56.31,57.25,51.32,83.96,4,0.0,0,60.4,PASS,LOW,55.095,0.6706764327445888,0,0,3.1871774346590747,62.36600000000001,85.21000000000001,61.965999999999994,61.326,4.586364845931906,0,LOW,1
ENR000761,BSIT033,Male,Bachelor of Science in Information Technology,1,1,IT1101,Information Technology Essentials,1,NEW,41.08,45.84,35.62,50.52,7,0.0,1,47.26,FAIL,HIGH,40.87,0.8131431486256633,1,1,5.113993873024621,38.05,49.834,42.6,31.827999999999996,6.243197682277889,5,AT_RISK,0
ENR000762,BSIT033,Male,Bachelor of Science in Information Technology,1,1,BICT1101,End User Computing,1,NEW,39.16,46.18,27.25,48.59,7,0.0,1,34.29,FAIL,HIGH,37.693,0.805926979640465,1,1,9.569686515241761,38.05,49.834,42.6,31.827999999999996,6.243197682277889,5,AT_RISK,0
ENR000763,BSIT033,Male,Bachelor of Science in Information Technology,1,1,BICT1102,Introduction to Programming,1,NEW,26.35,29.68,26.14,50.73,7,0.0,1,21.08,FAIL,HIGH,27.286,0.5194164164367403,1,1,1.9859758306686406,38.05,49.834,42.6,31.827999999999996,6.243197682277889,5,AT_RISK,0
ENR000764,BSIT033,Male,Bachelor of Science in Information Technology,1,1,COMM1101,Communication Skills I,1,NEW,44.09,44.07,43.19,51.15,7,0.0,1,40.46,FAIL,HIGH,43.81400000000001,0.8619744160362823,1,1,0.5139390365922166,38.05,49.834,42.6,31.827999999999996,6.243197682277889,5,AT_RISK,0
ENR000765,BSIT033,Male,Bachelor of Science in Information Technology,1,1,IT1102,Networking Fundamentals,1,NEW,39.57,47.23,26.94,48.18,7,0.0,1,32.68,FAIL,HIGH,38.079,0.8212949727490716,1,1,10.245947166237649,38.05,49.834,42.6,31.827999999999996,6.243197682277889,5,AT_RISK,0
ENR000766,BSIT034,Female,Bachelor of Science in Information Technology,1,1,IT1101,Information Technology Essentials,1,NEW,75.93,78.59,73.44,97.51,5,0.0,0,79.37,PASS,LOW,75.98100000000001,0.7786892853359363,0,0,2.5754675950850845,74.80799999999999,93.39200000000001,77.308,70.128,7.676550918218414,0,LOW,1
ENR000767,BSIT034,Female,Bachelor of Science in Information Technology,1,1,BICT1101,End User Computing,1,NEW,81.36,78.63,79.17,95.99,5,0.0,0,84.45,PASS,LOW,79.884,0.8475882021472859,0,0,1.4457178147895955,74.80799999999999,93.39200000000001,77.308,70.128,7.676550918218414,0,LOW,1
ENR000768,BSIT034,Female,Bachelor of Science in Information Technology,1,1,BICT1102,Introduction to Programming,1,NEW,61.29,70.2,51.21,93.67,5,0.0,0,56.94,PASS,LOW,60.93900000000001,0.6543182818065248,0,0,9.50100520997647,74.80799999999999,93.39200000000001,77.308,70.128,7.676550918218414,0,LOW,1
ENR000769,BSIT034,Female,Bachelor of Science in Information Technology,1,1,COMM1101,Communication Skills I,1,NEW,80.11,77.86,78.97,90.36,5,0.0,0,83.81,PASS,LOW,79.093,0.886564753589558,0,0,1.1250333328395208,74.80799999999999,93.39200000000001,77.308,70.128,7.676550918218414,0,LOW,1
ENR000770,BSIT034,Female,Bachelor of Science in Information Technology,1,1,IT1102,Networking Fundamentals,1,NEW,75.35,81.26,67.85,89.43,5,0.0,0,69.14,PASS,LOW,74.87299999999999,0.8425583313699728,0,0,6.720691928663303,74.80799999999999,93.39200000000001,77.308,70.128,7.676550918218414,0,LOW,1
ENR000771,BSIT035,Female,Bachelor of Science in Information Technology,1,1,IT1101,Information Technology Essentials,1,NEW,50.05,56.21,49.4,68.47,5,0.0,1,49.1,FAIL,MEDIUM,51.702999999999996,0.7309769634910233,0,1,3.758195488972513,50.257999999999996,68.44800000000001,53.30800000000001,47.556,5.282010488440932,2,AT_RISK,0
ENR000772,BSIT035,Female,Bachelor of Science in Information Technology,1,1,BICT1101,End User Computing,1,NEW,53.27,53.42,50.15,71.6,5,0.0,1,49.89,PASS,MEDIUM,52.379000000000005,0.7439943094980015,0,0,1.8461581730718546,50.257999999999996,68.44800000000001,53.30800000000001,47.556,5.282010488440932,2,AT_RISK,0
ENR000773,BSIT035,Female,Bachelor of Science in Information Technology,1,1,BICT1102,Introduction to Programming,1,NEW,43.4,50.83,38.86,62.25,5,0.0,1,38.87,FAIL,HIGH,44.266999999999996,0.6971886430219046,1,1,6.042866317678501,50.257999999999996,68.44800000000001,53.30800000000001,47.556,5.282010488440932,2,AT_RISK,0
ENR000774,BSIT035,Female,Bachelor of Science in Information Technology,1,1,COMM1101,Communication Skills I,1,NEW,59.06,54.44,58.23,70.39,5,0.0,1,60.38,PASS,MEDIUM,57.425,0.8390395171132949,0,0,2.462972458906786,50.257999999999996,68.44800000000001,53.30800000000001,47.556,5.282010488440932,2,AT_RISK,0
ENR000775,BSIT035,Female,Bachelor of Science in Information Technology,1,1,IT1102,Networking Fundamentals,1,NEW,45.51,51.64,41.14,69.53,5,0.0,1,41.23,FAIL,HIGH,46.038,0.6545375155274679,1,1,5.27452683501879,50.257999999999996,68.44800000000001,53.30800000000001,47.556,5.282010488440932,2,AT_RISK,0
ENR000776,BSIT036,Male,Bachelor of Science in Information Technology,1,1,IT1101,Information Technology Essentials,1,NEW,78.67,78.67,77.47,97.23,5,0.0,0,81.75,PASS,LOW,78.31,0.8091123306477084,0,0,0.6928203230275526,72.146,95.178,72.36,72.37,5.915117183961783,0,LOW,1
ENR000777,BSIT036,Male,Bachelor of Science in Information Technology,1,1,BICT1101,End User Computing,1,NEW,66.1,69.59,64.09,100.0,5,0.0,0,75.47,PASS,LOW,66.544,0.6609999339000066,0,0,2.7829899987842817,72.146,95.178,72.36,72.37,5.915117183961783,0,LOW,1
ENR000778,BSIT036,Male,Bachelor of Science in Information Technology,1,1,BICT1102,Introduction to Programming,1,NEW,68.93,64.53,72.6,93.83,5,0.0,0,61.98,PASS,LOW,68.711,0.7346263738008768,0,0,4.040499144082734,72.146,95.178,72.36,72.37,5.915117183961783,0,LOW,1
ENR000779,BSIT036,Male,Bachelor of Science in Information Technology,1,1,COMM1101,Communication Skills I,1,NEW,78.48,75.53,83.3,96.15,5,0.0,0,87.16,PASS,LOW,79.041,0.8162245640952092,0,0,3.922324990784588,72.146,95.178,72.36,72.37,5.915117183961783,0,LOW,1
ENR000780,BSIT036,Male,Bachelor of Science in Information Technology,1,1,IT1102,Networking Fundamentals,1,NEW,68.55,73.48,64.39,88.68,5,0.0,0,63.58,PASS,LOW,68.781,0.7730039723721275,0,0,4.5504322139037905,72.146,95.178,72.36,72.37,5.915117183961783,0,LOW,1
ENR000781,BSIT037,Female,Bachelor of Science in Information Technology,1,1,IT1101,Information Technology Essentials,1,NEW,81.81,77.88,87.18,75.03,5,0.0,0,84.69,PASS,LOW,82.24199999999999,1.0903637091345182,0,0,4.66854367013955,75.762,71.096,69.648,82.49000000000001,4.774506539947349,0,LOW,1
ENR000782,BSIT037,Female,Bachelor of Science in Information Technology,1,1,BICT1101,End User Computing,1,NEW,70.08,60.54,79.63,67.63,5,0.0,0,79.77,PASS,MEDIUM,70.083,1.036226373469411,0,1,9.545000436528712,75.762,71.096,69.648,82.49000000000001,4.774506539947349,0,AT_RISK,0
ENR000783,BSIT037,Female,Bachelor of Science in Information Technology,1,1,BICT1102,Introduction to Programming,1,NEW,77.54,75.7,78.12,69.35,5,0.0,0,74.55,PASS,MEDIUM,77.162,1.1180964501663375,0,1,1.2634872377669681,75.762,71.096,69.648,82.49000000000001,4.774506539947349,0,AT_RISK,0
ENR000784,BSIT037,Female,Bachelor of Science in Information Technology,1,1,COMM1101,Communication Skills I,1,NEW,77.25,67.18,89.15,74.88,5,0.0,0,86.11,PASS,MEDIUM,77.799,1.0316505032518024,0,0,10.997695213088967,75.762,71.096,69.648,82.49000000000001,4.774506539947349,0,AT_RISK,0
ENR000785,BSIT037,Female,Bachelor of Science in Information Technology,1,1,IT1102,Networking Fundamentals,1,NEW,72.13,66.94,78.37,68.59,5,0.0,0,79.87,PASS,MEDIUM,72.445,1.0516108686964762,0,1,5.723032412978284,75.762,71.096,69.648,82.49000000000001,4.774506539947349,0,AT_RISK,0
ENR000786,BSIT038,Female,Bachelor of Science in Information Technology,1,1,IT1101,Information Technology Essentials,1,NEW,35.83,32.61,38.98,40.67,7,0.0,2,28.0,FAIL,HIGH,35.809,0.8809931445799988,1,1,3.1850641019190373,35.025999999999996,37.22,38.348,32.153999999999996,5.275489408576229,5,AT_RISK,0
ENR000787,BSIT038,Female,Bachelor of Science in Information Technology,1,1,BICT1101,End User Computing,1,NEW,41.25,45.52,37.16,37.76,7,0.0,2,46.13,FAIL,HIGH,41.303999999999995,1.092425558150011,1,1,4.180322954031187,35.025999999999996,37.22,38.348,32.153999999999996,5.275489408576229,5,AT_RISK,0
ENR000788,BSIT038,Female,Bachelor of Science in Information Technology,1,1,BICT1102,Introduction to Programming,1,NEW,28.02,35.65,19.69,37.95,7,0.0,2,28.73,FAIL,HIGH,27.810000000000002,0.7383397263926939,1,1,7.9825580695246625,35.025999999999996,37.22,38.348,32.153999999999996,5.275489408576229,5,AT_RISK,0
ENR000789,BSIT038,Female,Bachelor of Science in Information Technology,1,1,COMM1101,Communication Skills I,1,NEW,37.72,40.26,37.85,33.76,7,0.0,2,45.85,FAIL,HIGH,38.521,1.1172982472457798,1,1,1.4304195188824838,35.025999999999996,37.22,38.348,32.153999999999996,5.275489408576229,5,AT_RISK,0
ENR000790,BSIT038,Female,Bachelor of Science in Information Technology,1,1,IT1102,Networking Fundamentals,1,NEW,32.31,37.7,27.09,35.96,7,0.0,2,31.57,FAIL,HIGH,32.361000000000004,0.8984980816189984,1,1,5.305226982263186,35.025999999999996,37.22,38.348,32.153999999999996,5.275489408576229,5,AT_RISK,0
ENR000791,BSIT039,Female,Bachelor of Science in Information Technology,1,1,IT1101,Information Technology Essentials,1,NEW,72.46,75.38,71.11,69.54,4,0.0,0,63.61,PASS,MEDIUM,72.93099999999998,1.0419900716148873,0,1,2.1825749318942815,71.836,74.196,71.464,74.322,3.881127246045927,0,AT_RISK,0
ENR000792,BSIT039,Female,Bachelor of Science in Information Technology,1,1,BICT1101,End User Computing,1,NEW,65.11,60.69,71.33,69.71,4,0.0,0,61.64,PASS,MEDIUM,65.64999999999999,0.9340122028385881,0,1,5.345315706298366,71.836,74.196,71.464,74.322,3.881127246045927,0,AT_RISK,0
ENR000793,BSIT039,Female,Bachelor of Science in Information Technology,1,1,BICT1102,Introduction to Programming,1,NEW,73.4,74.03,77.31,73.75,4,0.0,0,77.56,PASS,MEDIUM,74.762,0.9952541023384268,0,0,2.0993411664932715,71.836,74.196,71.464,74.322,3.881127246045927,0,AT_RISK,0
ENR000794,BSIT039,Female,Bachelor of Science in Information Technology,1,1,COMM1101,Communication Skills I,1,NEW,74.1,69.77,79.8,77.92,4,0.0,0,79.81,PASS,LOW,74.511,0.9509752372978391,0,0,5.03056988156743,71.836,74.196,71.464,74.322,3.881127246045927,0,LOW,1
ENR000795,BSIT039,Female,Bachelor of Science in Information Technology,1,1,IT1102,Networking Fundamentals,1,NEW,74.11,77.45,72.06,80.06,4,0.0,0,62.68,PASS,LOW,74.497,0.9256806238220554,0,0,2.7206065500178456,71.836,74.196,71.464,74.322,3.881127246045927,0,LOW,1
ENR000796,BSIT040,Male,Bachelor of Science in Information Technology,1,1,IT1101,Information Technology Essentials,1,NEW,50.01,49.67,53.31,67.92,5,0.0,0,48.04,FAIL,MEDIUM,50.897999999999996,0.7363073120866737,0,1,2.0106052156834116,52.038,72.034,50.464,53.584,2.8095578477760528,1,AT_RISK,0
ENR000797,BSIT040,Male,Bachelor of Science in Information Technology,1,1,BICT1101,End User Computing,1,NEW,49.68,49.67,47.59,72.34,5,0.0,0,43.48,FAIL,MEDIUM,49.05,0.6867568859888186,1,0,1.2037856952132286,52.038,72.034,50.464,53.584,2.8095578477760528,1,AT_RISK,0
ENR000798,BSIT040,Male,Bachelor of Science in Information Technology,1,1,BICT1102,Introduction to Programming,1,NEW,50.0,51.7,48.89,67.64,5,0.0,0,44.64,FAIL,HIGH,50.177,0.7392074601999615,0,1,1.4152856013304653,52.038,72.034,50.464,53.584,2.8095578477760528,1,AT_RISK,0
ENR000799,BSIT040,Male,Bachelor of Science in Information Technology,1,1,COMM1101,Communication Skills I,1,NEW,55.67,48.42,61.78,74.21,5,0.0,0,59.4,PASS,MEDIUM,55.328,0.7501683398236977,0,0,6.68810137482978,52.038,72.034,50.464,53.584,2.8095578477760528,1,AT_RISK,0
ENR000800,BSIT040,Male,Bachelor of Science in Information Technology,1,1,IT1102,Networking Fundamentals,1,NEW,54.83,52.86,56.35,78.06,5,0.0,0,53.09,PASS,MEDIUM,54.695,0.7024083138088247,0,0,1.7498285630312482,52.038,72.034,50.464,53.584,2.8095578477760528,1,AT_RISK,0
ENR000801,BBIS001,Female,Bachelor of Business Information Systems,1,1,BIS1101,Business Information Systems,1,NEW,71.91,71.1,69.6,90.24,5,0.0,0,69.48,PASS,LOW,70.97399999999999,0.7968749116938263,0,0,1.1720494870098286,74.172,89.62,76.054,71.058,5.029674025222708,0,LOW,1
ENR000802,BBIS001,Female,Bachelor of Business Information Systems,1,1,BICT1101,End User Computing,1,NEW,79.05,84.54,71.51,88.96,5,0.0,0,70.86,PASS,LOW,78.435,0.8886015188172753,0,0,6.5418218665241366,74.172,89.62,76.054,71.058,5.029674025222708,0,LOW,1
ENR000803,BBIS001,Female,Bachelor of Business Information Systems,1,1,COMM1101,Communication Skills I,1,NEW,78.27,76.83,81.64,88.38,5,0.0,0,72.83,PASS,LOW,78.84899999999999,0.8856075033256955,0,0,2.46869061110001,74.172,89.62,76.054,71.058,5.029674025222708,0,LOW,1
ENR000804,BBIS001,Female,Bachelor of Business Information Systems,1,1,ECON1101,Introduction to Economics,1,NEW,67.85,65.17,67.7,87.37,5,0.0,0,68.91,PASS,LOW,67.001,0.7765822620370535,0,0,1.5058663065934264,74.172,89.62,76.054,71.058,5.029674025222708,0,LOW,1
ENR000805,BBIS001,Female,Bachelor of Business Information Systems,1,1,MATH1103,Business Mathematics,1,NEW,73.78,82.63,64.84,93.15,5,0.0,0,69.75,PASS,LOW,73.753,0.7920557389097435,0,0,8.895037942583489,74.172,89.62,76.054,71.058,5.029674025222708,0,LOW,1
ENR000806,BBIS002,Male,Bachelor of Business Information Systems,1,1,BIS1101,Business Information Systems,1,NEW,58.24,54.56,62.66,78.11,5,0.0,0,51.52,PASS,LOW,58.462,0.7456150626533015,0,0,4.05562983189212,62.004,80.476,64.916,59.903999999999996,5.335862282705578,0,LOW,1
ENR000807,BBIS002,Male,Bachelor of Business Information Systems,1,1,BICT1101,End User Computing,1,NEW,66.61,69.68,64.51,81.97,5,0.0,0,71.07,PASS,LOW,66.901,0.8126142719758116,0,0,2.600121792019239,62.004,80.476,64.916,59.903999999999996,5.335862282705578,0,LOW,1
ENR000808,BBIS002,Male,Bachelor of Business Information Systems,1,1,COMM1101,Communication Skills I,1,NEW,66.14,68.02,63.42,83.08,5,0.0,0,76.69,PASS,LOW,65.888,0.7961000486157861,0,0,2.3127472840757997,62.004,80.476,64.916,59.903999999999996,5.335862282705578,0,LOW,1
ENR000809,BBIS002,Male,Bachelor of Business Information Systems,1,1,ECON1101,Introduction to Economics,1,NEW,65.24,75.19,55.2,77.97,5,0.0,0,57.47,PASS,LOW,65.213,0.836731969125052,0,0,9.9950337668264,62.004,80.476,64.916,59.903999999999996,5.335862282705578,0,LOW,1
ENR000810,BBIS002,Male,Bachelor of Business Information Systems,1,1,MATH1103,Business Mathematics,1,NEW,53.79,57.13,53.73,81.25,5,0.0,0,54.33,PASS,MEDIUM,54.774,0.6620306877500691,0,0,1.9459016761731163,62.004,80.476,64.916,59.903999999999996,5.335862282705578,0,AT_RISK,0
ENR000811,BBIS003,Female,Bachelor of Business Information Systems,1,1,BIS1101,Business Information Systems,1,NEW,82.93,88.12,80.07,80.39,5,0.0,0,82.76,PASS,LOW,83.62899999999999,1.0315958413240651,0,0,4.080812827529997,80.218,87.506,79.704,80.142,2.0954220338633416,0,LOW,1
ENR000812,BBIS003,Female,Bachelor of Business Information Systems,1,1,BICT1101,End User Computing,1,NEW,78.92,78.14,81.52,90.58,5,0.0,0,78.44,PASS,LOW,79.46600000000001,0.8712739157348294,0,0,1.7697834142440492,80.218,87.506,79.704,80.142,2.0954220338633416,0,LOW,1
ENR000813,BBIS003,Female,Bachelor of Business Information Systems,1,1,COMM1101,Communication Skills I,1,NEW,80.19,73.11,85.52,87.13,5,0.0,0,88.07,PASS,LOW,79.66499999999999,0.9203487983072652,0,0,6.225530767198354,80.218,87.506,79.704,80.142,2.0954220338633416,0,LOW,1
ENR000814,BBIS003,Female,Bachelor of Business Information Systems,1,1,ECON1101,Introduction to Economics,1,NEW,80.09,84.0,73.65,93.16,5,0.0,0,69.32,PASS,LOW,79.331,0.8597036432263158,0,0,5.226282936593972,80.218,87.506,79.704,80.142,2.0954220338633416,0,LOW,1
ENR000815,BBIS003,Female,Bachelor of Business Information Systems,1,1,MATH1103,Business Mathematics,1,NEW,78.96,75.15,79.95,86.27,5,0.0,0,79.92,PASS,LOW,78.114,0.9152659191763163,0,0,2.53430463835743,80.218,87.506,79.704,80.142,2.0954220338633416,0,LOW,1
ENR000816,BBIS004,Female,Bachelor of Business Information Systems,1,1,BIS1101,Business Information Systems,1,NEW,81.05,78.26,84.19,82.12,5,0.0,0,79.79,PASS,LOW,81.155,0.9869701671979825,0,0,2.96672097328571,77.226,79.914,75.94800000000001,78.894,4.435960944372709,0,LOW,1
ENR000817,BBIS004,Female,Bachelor of Business Information Systems,1,1,BICT1101,End User Computing,1,NEW,79.3,83.54,75.25,82.89,5,0.0,0,72.09,PASS,LOW,79.357,0.9566894731946587,0,0,4.145362871128818,77.226,79.914,75.94800000000001,78.894,4.435960944372709,0,LOW,1
ENR000818,BBIS004,Female,Bachelor of Business Information Systems,1,1,COMM1101,Communication Skills I,1,NEW,81.09,75.9,85.48,70.73,5,0.0,0,72.17,PASS,MEDIUM,80.85,1.1464723389689893,0,0,4.795563922348792,77.226,79.914,75.94800000000001,78.894,4.435960944372709,0,AT_RISK,0
ENR000819,BBIS004,Female,Bachelor of Business Information Systems,1,1,ECON1101,Introduction to Economics,1,NEW,73.16,66.82,82.76,79.32,5,0.0,0,82.19,PASS,LOW,74.13799999999999,0.9223397727761254,0,0,8.025368112014142,77.226,79.914,75.94800000000001,78.894,4.435960944372709,0,LOW,1
ENR000820,BBIS004,Female,Bachelor of Business Information Systems,1,1,MATH1103,Business Mathematics,1,NEW,71.53,75.22,66.79,84.51,5,0.0,0,63.34,PASS,LOW,71.215,0.8464086088736706,0,0,4.225884522795194,77.226,79.914,75.94800000000001,78.894,4.435960944372709,0,LOW,1
ENR000821,BBIS005,Female,Bachelor of Business Information Systems,1,1,BIS1101,Business Information Systems,1,NEW,66.33,60.93,73.42,75.98,5,0.0,0,66.11,PASS,LOW,66.837,0.8729927779688367,0,0,6.264026926293768,72.832,80.146,71.33200000000001,74.002,4.602652550432198,0,LOW,1
ENR000822,BBIS005,Female,Bachelor of Business Information Systems,1,1,BICT1101,End User Computing,1,NEW,76.4,81.42,72.41,85.89,5,0.0,0,79.15,PASS,LOW,76.709,0.889509734601265,0,0,4.514801582941752,72.832,80.146,71.33200000000001,74.002,4.602652550432198,0,LOW,1
ENR000823,BBIS005,Female,Bachelor of Business Information Systems,1,1,COMM1101,Communication Skills I,1,NEW,78.27,73.79,80.71,77.68,5,0.0,0,69.82,PASS,LOW,77.658,1.007595132904849,0,0,3.509757826403405,72.832,80.146,71.33200000000001,74.002,4.602652550432198,0,LOW,1
ENR000824,BBIS005,Female,Bachelor of Business Information Systems,1,1,ECON1101,Introduction to Economics,1,NEW,70.02,69.12,69.48,80.06,5,0.0,0,77.84,PASS,LOW,69.58800000000001,0.8745939452168441,0,0,0.4529900661162405,72.832,80.146,71.33200000000001,74.002,4.602652550432198,0,LOW,1
ENR000825,BBIS005,Female,Bachelor of Business Information Systems,1,1,MATH1103,Business Mathematics,1,NEW,73.14,71.4,73.99,81.12,5,0.0,0,78.8,PASS,LOW,72.873,0.9016271077875853,0,0,1.3202398771940345,72.832,80.146,71.33200000000001,74.002,4.602652550432198,0,LOW,1
ENR000826,BBIS006,Female,Bachelor of Business Information Systems,1,1,BIS1101,Business Information Systems,1,NEW,72.35,64.43,76.7,73.72,5,0.0,0,84.89,PASS,MEDIUM,71.279,0.9814160361616879,0,0,6.220956518092693,74.618,80.64,73.478,75.952,3.5580010820684125,0,AT_RISK,0
ENR000827,BBIS006,Female,Bachelor of Business Information Systems,1,1,BICT1101,End User Computing,1,NEW,74.28,81.05,70.99,82.43,5,0.0,0,79.21,PASS,LOW,75.324,0.9011281206929369,0,0,5.129337189150271,74.618,80.64,73.478,75.952,3.5580010820684125,0,LOW,1
ENR000828,BBIS006,Female,Bachelor of Business Information Systems,1,1,COMM1101,Communication Skills I,1,NEW,78.8,75.18,81.45,80.73,5,0.0,0,89.99,PASS,LOW,78.509,0.9760930290978533,0,0,3.147480473860532,74.618,80.64,73.478,75.952,3.5580010820684125,0,LOW,1
ENR000829,BBIS006,Female,Bachelor of Business Information Systems,1,1,ECON1101,Introduction to Economics,1,NEW,78.02,78.59,75.9,84.24,5,0.0,0,73.24,PASS,LOW,77.55499999999999,0.9261632328866057,0,0,1.4174742796020412,74.618,80.64,73.478,75.952,3.5580010820684125,0,LOW,1
ENR000830,BBIS006,Female,Bachelor of Business Information Systems,1,1,MATH1103,Business Mathematics,1,NEW,69.64,68.14,74.72,82.08,5,0.0,0,71.12,PASS,LOW,70.714,0.8484404424414665,0,0,3.4484972572605197,74.618,80.64,73.478,75.952,3.5580010820684125,0,LOW,1
ENR000831,BBIS007,Male,Bachelor of Business Information Systems,1,1,BIS1101,Business Information Systems,1,NEW,32.06,29.39,36.47,53.74,5,0.0,1,40.84,FAIL,HIGH,32.582,0.5965759961711954,1,1,3.575458012618802,33.39,53.408,37.148,30.474,5.978397134684179,5,AT_RISK,0
ENR000832,BBIS007,Male,Bachelor of Business Information Systems,1,1,BICT1101,End User Computing,1,NEW,32.93,39.39,28.23,53.88,5,0.0,1,30.86,FAIL,HIGH,33.458,0.611172863553663,1,1,5.603082484966051,33.39,53.408,37.148,30.474,5.978397134684179,5,AT_RISK,0
ENR000833,BBIS007,Male,Bachelor of Business Information Systems,1,1,COMM1101,Communication Skills I,1,NEW,42.53,47.0,34.83,57.3,5,0.0,1,31.18,FAIL,HIGH,41.561,0.7422337273588608,1,1,6.156024149833507,33.39,53.408,37.148,30.474,5.978397134684179,5,AT_RISK,0
ENR000834,BBIS007,Male,Bachelor of Business Information Systems,1,1,ECON1101,Introduction to Economics,1,NEW,23.55,30.95,20.9,49.1,5,0.0,1,25.79,FAIL,HIGH,24.975,0.47963330353700534,1,1,5.208726651815522,33.39,53.408,37.148,30.474,5.978397134684179,5,AT_RISK,0
ENR000835,BBIS007,Male,Bachelor of Business Information Systems,1,1,MATH1103,Business Mathematics,1,NEW,35.88,39.01,31.94,53.02,5,0.0,1,37.36,FAIL,HIGH,35.637,0.6767256362267755,1,1,3.542724939929713,33.39,53.408,37.148,30.474,5.978397134684179,5,AT_RISK,0
ENR000836,BBIS008,Male,Bachelor of Business Information Systems,1,1,BIS1101,Business Information Systems,1,NEW,32.1,34.48,30.26,45.92,5,0.0,0,27.45,FAIL,HIGH,32.262,0.6990416596163633,1,1,2.115750457875406,36.442,42.708000000000006,37.815999999999995,34.898,6.334874900106548,5,AT_RISK,0
ENR000837,BBIS008,Male,Bachelor of Business Information Systems,1,1,BICT1101,End User Computing,1,NEW,35.58,37.08,36.78,40.02,5,0.0,0,33.46,FAIL,HIGH,36.39,0.8890552501111317,1,1,0.7937253933193776,36.442,42.708000000000006,37.815999999999995,34.898,6.334874900106548,5,AT_RISK,0
ENR000838,BBIS008,Male,Bachelor of Business Information Systems,1,1,COMM1101,Communication Skills I,1,NEW,48.4,39.93,53.34,45.99,5,0.0,0,59.01,PASS,HIGH,47.340999999999994,1.052402467405421,1,1,6.781993315636145,36.442,42.708000000000006,37.815999999999995,34.898,6.334874900106548,5,AT_RISK,0
ENR000839,BBIS008,Male,Bachelor of Business Information Systems,1,1,ECON1101,Introduction to Economics,1,NEW,32.88,37.82,29.6,36.14,5,0.0,0,31.23,FAIL,HIGH,33.378,0.9097949889886583,1,1,4.137841627386593,36.442,42.708000000000006,37.815999999999995,34.898,6.334874900106548,5,AT_RISK,0
ENR000840,BBIS008,Male,Bachelor of Business Information Systems,1,1,MATH1103,Business Mathematics,1,NEW,33.25,39.77,24.51,45.47,5,0.0,0,25.03,FAIL,HIGH,32.584,0.7312512137120708,1,1,7.656866199692928,36.442,42.708000000000006,37.815999999999995,34.898,6.334874900106548,5,AT_RISK,0
ENR000841,BBIS009,Male,Bachelor of Business Information Systems,1,1,BIS1101,Business Information Systems,1,NEW,76.42,79.03,67.97,83.3,4,0.0,0,63.64,PASS,LOW,74.668,0.9174068526522386,0,0,5.781265720699348,75.524,82.652,76.45,72.55799999999999,4.835215455385623,0,LOW,1
ENR000842,BBIS009,Male,Bachelor of Business Information Systems,1,1,BICT1101,End User Computing,1,NEW,76.81,76.52,77.41,81.79,4,0.0,0,77.15,PASS,LOW,76.903,0.9391122461043836,0,0,0.45390894828515216,75.524,82.652,76.45,72.55799999999999,4.835215455385623,0,LOW,1
ENR000843,BBIS009,Male,Bachelor of Business Information Systems,1,1,COMM1101,Communication Skills I,1,NEW,82.76,74.92,88.07,85.82,4,0.0,0,92.4,PASS,LOW,82.001,0.9643438633950289,0,0,6.615439012895009,75.524,82.652,76.45,72.55799999999999,4.835215455385623,0,LOW,1
ENR000844,BBIS009,Male,Bachelor of Business Information Systems,1,1,ECON1101,Introduction to Economics,1,NEW,69.27,73.75,67.81,80.32,4,0.0,0,70.1,PASS,LOW,70.176,0.8624251914311265,0,0,3.09530827759261,75.524,82.652,76.45,72.55799999999999,4.835215455385623,0,LOW,1
ENR000845,BBIS009,Male,Bachelor of Business Information Systems,1,1,MATH1103,Business Mathematics,1,NEW,72.36,78.03,61.53,82.03,4,0.0,0,61.7,PASS,LOW,70.81200000000001,0.8821161913792281,0,0,8.383394300639807,75.524,82.652,76.45,72.55799999999999,4.835215455385623,0,LOW,1
ENR000846,BBIS010,Male,Bachelor of Business Information Systems,1,1,BIS1101,Business Information Systems,1,NEW,76.76,81.28,67.88,88.47,5,0.0,0,75.35,PASS,LOW,75.452,0.8676386495265458,0,0,6.817193948637033,77.55,90.764,77.232,77.49199999999999,3.3557515849657347,0,LOW,1
ENR000847,BBIS010,Male,Bachelor of Business Information Systems,1,1,BICT1101,End User Computing,1,NEW,76.91,75.48,80.09,88.37,5,0.0,0,74.52,PASS,LOW,77.435,0.8703178827296726,0,0,2.359710434212922,77.55,90.764,77.232,77.49199999999999,3.3557515849657347,0,LOW,1
ENR000848,BBIS010,Male,Bachelor of Business Information Systems,1,1,COMM1101,Communication Skills I,1,NEW,80.69,71.62,91.46,89.87,5,0.0,0,92.33,PASS,LOW,81.2,0.897852353638327,0,0,9.93213135904541,77.55,90.764,77.232,77.49199999999999,3.3557515849657347,0,LOW,1
ENR000849,BBIS010,Male,Bachelor of Business Information Systems,1,1,ECON1101,Introduction to Economics,1,NEW,73.69,73.19,71.85,91.59,5,0.0,0,71.8,PASS,LOW,72.98799999999999,0.8045637291665324,0,0,0.9514199913813056,77.55,90.764,77.232,77.49199999999999,3.3557515849657347,0,LOW,1
ENR000850,BBIS010,Male,Bachelor of Business Information Systems,1,1,MATH1103,Business Mathematics,1,NEW,79.7,84.59,76.18,95.52,5,0.0,0,70.75,PASS,LOW,80.111,0.8343801471545073,0,0,4.223556952774914,77.55,90.764,77.232,77.49199999999999,3.3557515849657347,0,LOW,1
ENR000851,BBIS011,Female,Bachelor of Business Information Systems,1,1,BIS1101,Business Information Systems,1,NEW,31.33,27.28,34.9,53.56,5,0.0,2,32.96,FAIL,HIGH,31.186,0.5849513470964623,1,1,3.8125188524124036,35.988,55.696000000000005,38.622,33.69,4.780476304721111,5,AT_RISK,0
ENR000852,BBIS011,Female,Bachelor of Business Information Systems,1,1,BICT1101,End User Computing,1,NEW,42.02,41.29,43.41,56.54,5,0.0,2,49.52,FAIL,HIGH,42.218,0.7431905300335108,1,1,1.0769865365917979,35.988,55.696000000000005,38.622,33.69,4.780476304721111,5,AT_RISK,0
ENR000853,BBIS011,Female,Bachelor of Business Information Systems,1,1,COMM1101,Communication Skills I,1,NEW,39.86,46.22,34.27,57.91,5,0.0,2,40.42,FAIL,HIGH,40.091,0.688309326833133,1,1,5.979133159023414,35.988,55.696000000000005,38.622,33.69,4.780476304721111,5,AT_RISK,0
ENR000854,BBIS011,Female,Bachelor of Business Information Systems,1,1,ECON1101,Introduction to Economics,1,NEW,33.78,41.49,25.87,53.33,5,0.0,2,19.24,FAIL,HIGH,33.72,0.6334144696391394,1,1,7.8102133987064235,35.988,55.696000000000005,38.622,33.69,4.780476304721111,5,AT_RISK,0
ENR000855,BBIS011,Female,Bachelor of Business Information Systems,1,1,MATH1103,Business Mathematics,1,NEW,32.95,36.83,30.0,57.14,5,0.0,2,38.36,FAIL,HIGH,33.229,0.5766537317721856,1,1,3.4255364543382094,35.988,55.696000000000005,38.622,33.69,4.780476304721111,5,AT_RISK,0
ENR000856,BBIS012,Female,Bachelor of Business Information Systems,1,1,BIS1101,Business Information Systems,1,NEW,29.12,26.43,34.48,49.46,6,0.0,1,37.4,FAIL,HIGH,29.921,0.5887584737649668,1,1,4.09813372158596,24.048,47.616,25.55,24.157999999999998,4.544228020247224,5,AT_RISK,0
ENR000857,BBIS012,Female,Bachelor of Business Information Systems,1,1,BICT1101,End User Computing,1,NEW,26.97,35.65,20.49,51.31,6,0.0,1,34.04,FAIL,HIGH,27.629999999999995,0.5256284300081017,1,1,7.606558573581967,24.048,47.616,25.55,24.157999999999998,4.544228020247224,5,AT_RISK,0
ENR000858,BBIS012,Female,Bachelor of Business Information Systems,1,1,COMM1101,Communication Skills I,1,NEW,24.59,21.72,26.31,51.59,6,0.0,1,35.33,FAIL,HIGH,24.244999999999997,0.4766426678343345,1,1,2.318886226905782,24.048,47.616,25.55,24.157999999999998,4.544228020247224,5,AT_RISK,0
ENR000859,BBIS012,Female,Bachelor of Business Information Systems,1,1,ECON1101,Introduction to Economics,1,NEW,17.07,15.0,22.8,47.17,6,0.0,1,10.0,FAIL,HIGH,18.168,0.3618824757510121,1,1,4.040581641298688,24.048,47.616,25.55,24.157999999999998,4.544228020247224,5,AT_RISK,0
ENR000860,BBIS012,Female,Bachelor of Business Information Systems,1,1,MATH1103,Business Mathematics,1,NEW,22.49,28.95,16.71,38.55,6,0.0,1,27.7,FAIL,HIGH,22.694,0.5833980328409771,1,1,6.123147338855511,24.048,47.616,25.55,24.157999999999998,4.544228020247224,5,AT_RISK,0
ENR000861,BBIS013,Male,Bachelor of Business Information Systems,1,1,BIS1101,Business Information Systems,1,NEW,36.93,43.23,31.32,55.74,6,0.0,1,35.64,FAIL,HIGH,37.137,0.6625402471223094,1,1,5.958330303029531,41.768,59.708000000000006,44.962,38.321999999999996,3.831996320457524,5,AT_RISK,0
ENR000862,BBIS013,Male,Bachelor of Business Information Systems,1,1,BICT1101,End User Computing,1,NEW,47.47,46.46,46.37,63.82,6,0.0,1,61.71,PASS,HIGH,46.837,0.7438106010951737,1,1,0.6107645481962204,41.768,59.708000000000006,44.962,38.321999999999996,3.831996320457524,5,AT_RISK,0
ENR000863,BBIS013,Male,Bachelor of Business Information Systems,1,1,COMM1101,Communication Skills I,1,NEW,43.08,40.21,48.36,60.05,6,0.0,1,57.75,PASS,HIGH,43.803,0.7174020453951631,1,1,4.133960973852236,41.768,59.708000000000006,44.962,38.321999999999996,3.831996320457524,5,AT_RISK,0
ENR000864,BBIS013,Male,Bachelor of Business Information Systems,1,1,ECON1101,Introduction to Economics,1,NEW,39.68,42.13,35.08,60.18,6,0.0,1,37.4,FAIL,HIGH,39.035000000000004,0.6593551579669062,1,1,3.579222448148948,41.768,59.708000000000006,44.962,38.321999999999996,3.831996320457524,5,AT_RISK,0
ENR000865,BBIS013,Male,Bachelor of Business Information Systems,1,1,MATH1103,Business Mathematics,1,NEW,41.68,52.78,30.48,58.75,6,0.0,1,40.94,FAIL,HIGH,41.650000000000006,0.7094466877537552,1,1,11.150037369145153,41.768,59.708000000000006,44.962,38.321999999999996,3.831996320457524,5,AT_RISK,0
ENR000866,BBIS014,Male,Bachelor of Business Information Systems,1,1,BIS1101,Business Information Systems,1,NEW,65.31,70.91,57.62,84.66,4,0.0,0,71.57,PASS,LOW,64.68299999999999,0.771438604838341,0,0,6.672333424922149,64.58,87.434,67.13199999999999,61.977999999999994,2.398266978465908,0,LOW,1
ENR000867,BBIS014,Male,Bachelor of Business Information Systems,1,1,BICT1101,End User Computing,1,NEW,66.28,70.74,63.54,92.33,4,0.0,0,76.89,PASS,LOW,66.79599999999999,0.7178597727867678,0,0,3.6340794340979,64.58,87.434,67.13199999999999,61.977999999999994,2.398266978465908,0,LOW,1
ENR000868,BBIS014,Male,Bachelor of Business Information Systems,1,1,COMM1101,Communication Skills I,1,NEW,66.2,62.11,72.67,86.08,4,0.0,0,66.93,PASS,LOW,66.914,0.7690519552681279,0,0,5.324512497246424,64.58,87.434,67.13199999999999,61.977999999999994,2.398266978465908,0,LOW,1
ENR000869,BBIS014,Male,Bachelor of Business Information Systems,1,1,ECON1101,Introduction to Economics,1,NEW,61.58,63.84,58.59,83.11,4,0.0,0,66.54,PASS,LOW,61.361000000000004,0.740945645416238,0,0,2.6334451453055427,64.58,87.434,67.13199999999999,61.977999999999994,2.398266978465908,0,LOW,1
ENR000870,BBIS014,Male,Bachelor of Business Information Systems,1,1,MATH1103,Business Mathematics,1,NEW,63.53,68.06,57.47,90.99,4,0.0,0,69.09,PASS,LOW,63.071000000000005,0.6982085176163845,0,0,5.313388749188226,64.58,87.434,67.13199999999999,61.977999999999994,2.398266978465908,0,LOW,1
ENR000871,BBIS015,Female,Bachelor of Business Information Systems,1,1,BIS1101,Business Information Systems,1,NEW,52.42,46.54,56.56,61.68,5,0.0,0,58.05,PASS,MEDIUM,51.89800000000001,0.849870160526887,0,1,5.035116681865477,57.092,65.04400000000001,58.40599999999999,54.398,4.130143823161605,0,AT_RISK,0
ENR000872,BBIS015,Female,Bachelor of Business Information Systems,1,1,BICT1101,End User Computing,1,NEW,57.61,62.01,50.35,65.14,5,0.0,0,55.95,PASS,MEDIUM,56.751999999999995,0.8844026889157677,0,1,5.888168928736107,57.092,65.04400000000001,58.40599999999999,54.398,4.130143823161605,0,AT_RISK,0
ENR000873,BBIS015,Female,Bachelor of Business Information Systems,1,1,COMM1101,Communication Skills I,1,NEW,59.33,57.27,60.33,63.22,5,0.0,0,63.01,PASS,MEDIUM,59.012,0.9384686905301026,0,1,1.560299116622619,57.092,65.04400000000001,58.40599999999999,54.398,4.130143823161605,0,AT_RISK,0
ENR000874,BBIS015,Female,Bachelor of Business Information Systems,1,1,ECON1101,Introduction to Economics,1,NEW,62.82,67.05,56.43,65.5,5,0.0,0,59.84,PASS,MEDIUM,62.172,0.9590838230406377,0,1,5.346484826500491,57.092,65.04400000000001,58.40599999999999,54.398,4.130143823161605,0,AT_RISK,0
ENR000875,BBIS015,Female,Bachelor of Business Information Systems,1,1,MATH1103,Business Mathematics,1,NEW,53.28,59.16,48.32,69.68,5,0.0,0,49.95,PASS,MEDIUM,53.556,0.7646382369922162,0,1,5.4265028640306925,57.092,65.04400000000001,58.40599999999999,54.398,4.130143823161605,0,AT_RISK,0
ENR000876,BBIS016,Male,Bachelor of Business Information Systems,1,1,BIS1101,Business Information Systems,1,NEW,59.22,67.6,54.41,85.31,5,0.0,0,60.09,PASS,LOW,60.291,0.6941741068838229,0,0,6.675035580429514,58.51800000000001,85.196,59.848,56.525999999999996,3.5993058080691034,0,LOW,1
ENR000877,BBIS016,Male,Bachelor of Business Information Systems,1,1,BICT1101,End User Computing,1,NEW,59.84,61.23,55.59,83.08,5,0.0,0,56.15,PASS,LOW,58.982,0.7202695329478175,0,0,2.938372565440489,58.51800000000001,85.196,59.848,56.525999999999996,3.5993058080691034,0,LOW,1
ENR000878,BBIS016,Male,Bachelor of Business Information Systems,1,1,COMM1101,Communication Skills I,1,NEW,59.51,53.55,63.92,87.4,5,0.0,0,69.1,PASS,LOW,59.045,0.6808923706072801,0,0,5.204270682173762,58.51800000000001,85.196,59.848,56.525999999999996,3.5993058080691034,0,LOW,1
ENR000879,BBIS016,Male,Bachelor of Business Information Systems,1,1,ECON1101,Introduction to Economics,1,NEW,60.93,62.4,60.31,87.27,5,0.0,0,62.21,PASS,LOW,61.185,0.6981779880625658,0,0,1.0734213214452792,58.51800000000001,85.196,59.848,56.525999999999996,3.5993058080691034,0,LOW,1
ENR000880,BBIS016,Male,Bachelor of Business Information Systems,1,1,MATH1103,Business Mathematics,1,NEW,53.09,54.46,48.4,82.92,5,0.0,0,50.13,PASS,MEDIUM,52.094,0.640255590900194,0,0,3.1779605619537423,58.51800000000001,85.196,59.848,56.525999999999996,3.5993058080691034,0,AT_RISK,0
ENR000881,BBIS017,Male,Bachelor of Business Information Systems,1,1,BIS1101,Business Information Systems,1,NEW,50.7,54.91,42.65,63.83,5,0.0,1,45.6,FAIL,MEDIUM,49.548,0.7942972279026747,0,1,6.2294221240818155,51.4,64.1,53.6,47.074,1.5476414959544063,0,AT_RISK,0
ENR000882,BBIS017,Male,Bachelor of Business Information Systems,1,1,BICT1101,End User Computing,1,NEW,53.75,48.84,56.65,68.85,5,0.0,1,58.44,PASS,MEDIUM,53.147,0.7806825300388482,0,1,3.9478728449634723,51.4,64.1,53.6,47.074,1.5476414959544063,0,AT_RISK,0
ENR000883,BBIS017,Male,Bachelor of Business Information Systems,1,1,COMM1101,Communication Skills I,1,NEW,51.22,54.04,49.16,61.99,5,0.0,1,60.36,PASS,MEDIUM,51.44799999999999,0.8262621670814377,0,1,2.4498435324186194,51.4,64.1,53.6,47.074,1.5476414959544063,0,AT_RISK,0
ENR000884,BBIS017,Male,Bachelor of Business Information Systems,1,1,ECON1101,Introduction to Economics,1,NEW,50.08,55.37,42.85,69.15,5,0.0,1,47.93,FAIL,MEDIUM,49.498,0.7242225995339696,0,1,6.285000662954086,51.4,64.1,53.6,47.074,1.5476414959544063,0,AT_RISK,0
ENR000885,BBIS017,Male,Bachelor of Business Information Systems,1,1,MATH1103,Business Mathematics,1,NEW,51.25,54.84,44.06,56.68,5,0.0,1,40.07,FAIL,HIGH,50.17,0.9041988524702095,0,1,5.489271354196293,51.4,64.1,53.6,47.074,1.5476414959544063,0,AT_RISK,0
ENR000886,BBIS018,Female,Bachelor of Business Information Systems,1,1,BIS1101,Business Information Systems,2,RETURNING,23.01,20.3,17.46,53.12,6,0.0,0,22.52,FAIL,HIGH,20.532,0.4331700991773157,1,1,2.775253742152839,20.368000000000002,52.794000000000004,22.84,16.152,5.083087516460837,5,AT_RISK,0
ENR000887,BBIS018,Female,Bachelor of Business Information Systems,1,1,BICT1101,End User Computing,2,RETURNING,18.37,26.12,11.14,54.88,6,0.0,0,18.26,FAIL,HIGH,18.526000000000003,0.3347302597065853,1,1,7.491504076841535,20.368000000000002,52.794000000000004,22.84,16.152,5.083087516460837,5,AT_RISK,0
ENR000888,BBIS018,Female,Bachelor of Business Information Systems,1,1,COMM1101,Communication Skills I,2,RETURNING,28.06,27.21,29.36,50.35,6,0.0,0,25.6,FAIL,HIGH,28.195,0.55729879696151,1,1,1.082820391385385,20.368000000000002,52.794000000000004,22.84,16.152,5.083087516460837,5,AT_RISK,0
ENR000889,BBIS018,Female,Bachelor of Business Information Systems,1,1,ECON1101,Introduction to Economics,2,RETURNING,15.75,19.28,10.0,53.9,6,0.0,0,18.88,FAIL,HIGH,15.084,0.2922077379948538,1,1,4.684047395148773,20.368000000000002,52.794000000000004,22.84,16.152,5.083087516460837,5,AT_RISK,0
ENR000890,BBIS018,Female,Bachelor of Business Information Systems,1,1,MATH1103,Business Mathematics,2,RETURNING,16.65,21.29,12.8,51.72,6,0.0,0,10.0,FAIL,HIGH,16.887,0.3219256918163782,1,1,4.251121420676352,20.368000000000002,52.794000000000004,22.84,16.152,5.083087516460837,5,AT_RISK,0
ENR000891,BBIS019,Female,Bachelor of Business Information Systems,1,1,BIS1101,Business Information Systems,1,NEW,71.28,72.82,75.48,95.62,5,0.0,0,78.93,PASS,LOW,73.00200000000001,0.7454506645627834,0,0,2.124743121728682,70.896,91.64200000000001,72.02000000000001,70.896,1.9732619440915609,0,LOW,1
ENR000892,BBIS019,Female,Bachelor of Business Information Systems,1,1,BICT1101,End User Computing,1,NEW,72.48,73.33,67.67,86.7,5,0.0,0,67.21,PASS,LOW,71.292,0.8359860627467055,0,0,3.052163167329033,70.896,91.64200000000001,72.02000000000001,70.896,1.9732619440915609,0,LOW,1
ENR000893,BBIS019,Female,Bachelor of Business Information Systems,1,1,COMM1101,Communication Skills I,1,NEW,73.1,72.4,74.35,92.42,5,0.0,0,72.83,PASS,LOW,73.265,0.7909542533051013,0,0,0.9878427675158246,70.896,91.64200000000001,72.02000000000001,70.896,1.9732619440915609,0,LOW,1
ENR000894,BBIS019,Female,Bachelor of Business Information Systems,1,1,ECON1101,Introduction to Economics,1,NEW,70.04,72.59,67.23,89.86,5,0.0,0,73.97,PASS,LOW,69.962,0.7794345894241499,0,0,2.6810507890253277,70.896,91.64200000000001,72.02000000000001,70.896,1.9732619440915609,0,LOW,1
ENR000895,BBIS019,Female,Bachelor of Business Information Systems,1,1,MATH1103,Business Mathematics,1,NEW,67.58,68.96,69.75,93.61,5,0.0,0,71.36,PASS,LOW,68.645,0.7219313404624141,0,0,1.0982865442740042,70.896,91.64200000000001,72.02000000000001,70.896,1.9732619440915609,0,LOW,1
ENR000896,BBIS020,Female,Bachelor of Business Information Systems,1,1,BIS1101,Business Information Systems,1,NEW,73.15,71.85,70.4,74.9,5,0.0,0,68.58,PASS,MEDIUM,71.935,0.9766353836267845,0,0,1.3756816492197603,75.096,74.162,74.78,74.852,3.7849343455336206,0,AT_RISK,0
ENR000897,BBIS020,Female,Bachelor of Business Information Systems,1,1,BICT1101,End User Computing,1,NEW,75.61,73.31,78.34,71.31,5,0.0,0,83.0,PASS,MEDIUM,75.73899999999999,1.060299949474134,0,0,2.5180614236617296,75.096,74.162,74.78,74.852,3.7849343455336206,0,AT_RISK,0
ENR000898,BBIS020,Female,Bachelor of Business Information Systems,1,1,COMM1101,Communication Skills I,1,NEW,69.68,63.91,77.12,76.66,5,0.0,0,77.98,PASS,LOW,70.181,0.9089484856576461,0,0,6.6225699945967635,75.096,74.162,74.78,74.852,3.7849343455336206,0,LOW,1
ENR000899,BBIS020,Female,Bachelor of Business Information Systems,1,1,ECON1101,Introduction to Economics,1,NEW,77.77,83.13,71.96,64.03,5,0.0,0,79.74,PASS,MEDIUM,77.63499999999999,1.2145867226945612,0,1,5.58651053878895,75.096,74.162,74.78,74.852,3.7849343455336206,0,AT_RISK,0
ENR000900,BBIS020,Female,Bachelor of Business Information Systems,1,1,MATH1103,Business Mathematics,1,NEW,79.27,81.7,76.44,83.91,5,0.0,0,75.03,PASS,LOW,79.15,0.9447025450241275,0,0,2.632533633846555,75.096,74.162,74.78,74.852,3.7849343455336206,0,LOW,1
ENR000901,BBIS021,Female,Bachelor of Business Information Systems,1,1,BIS1101,Business Information Systems,1,NEW,27.65,27.65,32.7,41.47,7,0.0,2,31.69,FAIL,HIGH,29.165,0.6667468852792656,1,1,2.9156188594076125,33.426,42.30800000000001,33.519999999999996,32.79600000000001,2.399193239403612,5,AT_RISK,0
ENR000902,BBIS021,Female,Bachelor of Business Information Systems,1,1,BICT1101,End User Computing,1,NEW,37.91,36.05,30.54,44.07,7,0.0,2,44.48,FAIL,HIGH,35.141,0.8602221783022058,1,1,3.832679654410648,33.426,42.30800000000001,33.519999999999996,32.79600000000001,2.399193239403612,5,AT_RISK,0
ENR000903,BBIS021,Female,Bachelor of Business Information Systems,1,1,COMM1101,Communication Skills I,1,NEW,32.9,34.79,34.06,39.24,7,0.0,2,28.34,FAIL,HIGH,33.815,0.8384299596253924,1,1,0.9531176912288085,33.426,42.30800000000001,33.519999999999996,32.79600000000001,2.399193239403612,5,AT_RISK,0
ENR000904,BBIS021,Female,Bachelor of Business Information Systems,1,1,ECON1101,Introduction to Economics,1,NEW,35.7,32.56,35.86,45.95,7,0.0,2,43.01,FAIL,HIGH,34.806,0.7769312781433562,1,1,1.8607883633915305,33.426,42.30800000000001,33.519999999999996,32.79600000000001,2.399193239403612,5,AT_RISK,0
ENR000905,BBIS021,Female,Bachelor of Business Information Systems,1,1,MATH1103,Business Mathematics,1,NEW,32.97,36.55,30.82,40.81,7,0.0,2,25.48,FAIL,HIGH,33.399,0.807890025020822,1,1,2.894586902017855,33.426,42.30800000000001,33.519999999999996,32.79600000000001,2.399193239403612,5,AT_RISK,0
ENR000906,BBIS022,Female,Bachelor of Business Information Systems,1,1,BIS1101,Business Information Systems,1,NEW,77.47,80.08,76.57,89.91,4,0.0,0,77.7,PASS,LOW,77.98299999999999,0.8616393213614368,0,0,1.8231017525086215,79.662,87.362,82.488,78.664,2.8207317844842965,0,LOW,1
ENR000907,BBIS022,Female,Bachelor of Business Information Systems,1,1,BICT1101,End User Computing,1,NEW,75.4,81.76,72.4,83.11,4,0.0,0,79.3,PASS,LOW,76.40800000000002,0.9072312709383623,0,0,4.779456035994054,79.662,87.362,82.488,78.664,2.8207317844842965,0,LOW,1
ENR000908,BBIS022,Female,Bachelor of Business Information Systems,1,1,COMM1101,Communication Skills I,1,NEW,80.93,82.19,82.76,89.78,4,0.0,0,82.62,PASS,LOW,81.857,0.9014256068806409,0,0,0.9364293886887556,79.662,87.362,82.488,78.664,2.8207317844842965,0,LOW,1
ENR000909,BBIS022,Female,Bachelor of Business Information Systems,1,1,ECON1101,Introduction to Economics,1,NEW,81.15,88.85,76.92,89.94,4,0.0,0,80.37,PASS,LOW,82.191,0.9022680784669693,0,0,6.048523235743852,79.662,87.362,82.488,78.664,2.8207317844842965,0,LOW,1
ENR000910,BBIS022,Female,Bachelor of Business Information Systems,1,1,MATH1103,Business Mathematics,1,NEW,83.36,79.56,84.67,84.07,4,0.0,0,81.77,PASS,LOW,82.613,0.9915545388896707,0,0,2.654185374083731,79.662,87.362,82.488,78.664,2.8207317844842965,0,LOW,1
ENR000911,BBIS023,Female,Bachelor of Business Information Systems,1,1,BIS1101,Business Information Systems,1,NEW,39.53,34.65,40.53,55.73,7,0.0,1,51.43,FAIL,HIGH,38.366,0.7093126306634433,1,1,3.1461298977209036,36.202,50.464,37.896,34.664,2.961465633769872,5,AT_RISK,0
ENR000912,BBIS023,Female,Bachelor of Business Information Systems,1,1,BICT1101,End User Computing,1,NEW,40.02,38.4,40.3,52.7,7,0.0,1,38.37,FAIL,HIGH,39.617999999999995,0.7593926452765378,1,1,1.0257355084685984,36.202,50.464,37.896,34.664,2.961465633769872,5,AT_RISK,0
ENR000913,BBIS023,Female,Bachelor of Business Information Systems,1,1,COMM1101,Communication Skills I,1,NEW,31.82,35.6,28.47,49.69,7,0.0,1,41.68,FAIL,HIGH,31.948999999999998,0.6403701669611256,1,1,3.5671604019630716,36.202,50.464,37.896,34.664,2.961465633769872,5,AT_RISK,0
ENR000914,BBIS023,Female,Bachelor of Business Information Systems,1,1,ECON1101,Introduction to Economics,1,NEW,35.41,39.64,32.55,42.71,7,0.0,1,36.54,FAIL,HIGH,35.821,0.8290796466683101,1,1,3.5669921969824023,36.202,50.464,37.896,34.664,2.961465633769872,5,AT_RISK,0
ENR000915,BBIS023,Female,Bachelor of Business Information Systems,1,1,MATH1103,Business Mathematics,1,NEW,34.23,41.19,31.47,51.49,7,0.0,1,35.65,FAIL,HIGH,35.489999999999995,0.6647891503614001,1,1,5.008951986194317,36.202,50.464,37.896,34.664,2.961465633769872,5,AT_RISK,0
ENR000916,BBIS024,Female,Bachelor of Business Information Systems,1,1,BIS1101,Business Information Systems,1,NEW,78.88,82.01,77.97,83.58,5,0.0,0,71.07,PASS,LOW,79.54599999999999,0.9437663383864155,0,0,2.1192215551942692,73.11,86.586,76.676,70.538,4.476182045002183,0,LOW,1
ENR000917,BBIS024,Female,Bachelor of Business Information Systems,1,1,BICT1101,End User Computing,1,NEW,76.56,75.92,73.45,84.95,5,0.0,0,81.21,PASS,LOW,75.435,0.901235915098774,0,0,1.6422849935379666,73.11,86.586,76.676,70.538,4.476182045002183,0,LOW,1
ENR000918,BBIS024,Female,Bachelor of Business Information Systems,1,1,COMM1101,Communication Skills I,1,NEW,73.22,77.28,69.76,90.38,5,0.0,0,82.76,PASS,LOW,73.4,0.8101348959797636,0,0,3.7639872475873224,73.11,86.586,76.676,70.538,4.476182045002183,0,LOW,1
ENR000919,BBIS024,Female,Bachelor of Business Information Systems,1,1,ECON1101,Introduction to Economics,1,NEW,70.0,76.73,66.36,86.29,5,0.0,0,67.8,PASS,LOW,70.927,0.8112178918509801,0,0,5.261169071603765,73.11,86.586,76.676,70.538,4.476182045002183,0,LOW,1
ENR000920,BBIS024,Female,Bachelor of Business Information Systems,1,1,MATH1103,Business Mathematics,1,NEW,66.89,71.44,65.15,87.73,5,0.0,0,72.16,PASS,LOW,67.733,0.7624528938273231,0,0,3.2479275443478275,73.11,86.586,76.676,70.538,4.476182045002183,0,LOW,1
ENR000921,BBIS025,Male,Bachelor of Business Information Systems,1,1,BIS1101,Business Information Systems,1,NEW,70.18,78.18,68.43,100.0,5,0.0,0,63.8,PASS,LOW,72.055,0.701799929820007,0,0,5.198156724583565,74.744,93.092,78.816,71.32000000000001,3.406135757717234,0,LOW,1
ENR000922,BBIS025,Male,Bachelor of Business Information Systems,1,1,BICT1101,End User Computing,1,NEW,77.95,81.71,73.02,89.22,5,0.0,0,64.28,PASS,LOW,77.59899999999999,0.873682932786042,0,0,4.358107387387327,74.744,93.092,78.816,71.32000000000001,3.406135757717234,0,LOW,1
ENR000923,BBIS025,Male,Bachelor of Business Information Systems,1,1,COMM1101,Communication Skills I,1,NEW,79.12,79.5,79.19,89.92,5,0.0,0,86.11,PASS,LOW,79.255,0.8798931405812789,0,0,0.20223748416156562,74.744,93.092,78.816,71.32000000000001,3.406135757717234,0,LOW,1
ENR000924,BBIS025,Male,Bachelor of Business Information Systems,1,1,ECON1101,Introduction to Economics,1,NEW,74.48,77.48,70.9,100.0,5,0.0,0,88.31,PASS,LOW,74.306,0.7447999255200075,0,0,3.294257630078942,74.744,93.092,78.816,71.32000000000001,3.406135757717234,0,LOW,1
ENR000925,BBIS025,Male,Bachelor of Business Information Systems,1,1,MATH1103,Business Mathematics,1,NEW,71.99,77.21,65.06,86.32,5,0.0,0,64.4,PASS,LOW,71.477,0.8339897087593016,0,0,6.095022559433225,74.744,93.092,78.816,71.32000000000001,3.406135757717234,0,LOW,1
ENR000926,BBIS026,Male,Bachelor of Business Information Systems,1,1,BIS1101,Business Information Systems,2,RETURNING,41.49,49.06,35.18,67.43,7,0.0,2,39.47,FAIL,HIGH,41.867999999999995,0.6153046692414845,1,1,6.9495251636352835,39.332,58.065999999999995,41.406,37.656,2.199069530506025,5,AT_RISK,0
ENR000927,BBIS026,Male,Bachelor of Business Information Systems,1,1,BICT1101,End User Computing,2,RETURNING,36.71,36.5,40.74,47.8,7,0.0,2,45.32,FAIL,HIGH,37.855999999999995,0.7679914711314914,1,1,2.3896512995274724,39.332,58.065999999999995,41.406,37.656,2.199069530506025,5,AT_RISK,0
ENR000928,BBIS026,Male,Bachelor of Business Information Systems,1,1,COMM1101,Communication Skills I,2,RETURNING,42.4,37.68,42.32,56.93,7,0.0,2,50.73,FAIL,HIGH,40.96,0.7447741533858855,1,1,2.7022953206487257,39.332,58.065999999999995,41.406,37.656,2.199069530506025,5,AT_RISK,0
ENR000929,BBIS026,Male,Bachelor of Business Information Systems,1,1,ECON1101,Introduction to Economics,2,RETURNING,36.1,39.49,34.24,55.02,7,0.0,2,22.8,FAIL,HIGH,36.559000000000005,0.6561249261859458,1,1,2.661897819225975,39.332,58.065999999999995,41.406,37.656,2.199069530506025,5,AT_RISK,0
ENR000930,BBIS026,Male,Bachelor of Business Information Systems,1,1,MATH1103,Business Mathematics,2,RETURNING,39.96,44.3,35.8,63.15,7,0.0,2,33.62,FAIL,HIGH,40.013999999999996,0.6327789971846401,1,1,4.250317635189163,39.332,58.065999999999995,41.406,37.656,2.199069530506025,5,AT_RISK,0
ENR000931,BBIS027,Female,Bachelor of Business Information Systems,1,1,BIS1101,Business Information Systems,1,NEW,66.29,67.86,66.05,85.51,5,0.0,0,75.87,PASS,LOW,66.68900000000001,0.775230876478672,0,0,0.983073411975592,70.814,79.78,73.522,68.46000000000001,8.892978617988462,0,LOW,1
ENR000932,BBIS027,Female,Bachelor of Business Information Systems,1,1,BICT1101,End User Computing,1,NEW,72.42,64.69,77.95,76.46,5,0.0,0,77.71,PASS,LOW,71.76,0.9471617908498835,0,0,6.660347838764381,70.814,79.78,73.522,68.46000000000001,8.892978617988462,0,LOW,1
ENR000933,BBIS027,Female,Bachelor of Business Information Systems,1,1,COMM1101,Communication Skills I,1,NEW,85.43,83.82,89.1,79.27,5,0.0,0,98.16,PASS,LOW,86.048,1.0777089595422027,0,0,2.7061473229174586,70.814,79.78,73.522,68.46000000000001,8.892978617988462,0,LOW,1
ENR000934,BBIS027,Female,Bachelor of Business Information Systems,1,1,ECON1101,Introduction to Economics,1,NEW,64.97,73.88,56.57,77.94,5,0.0,0,56.87,PASS,LOW,65.123,0.8335898340274783,0,0,8.656252075812024,70.814,79.78,73.522,68.46000000000001,8.892978617988462,0,LOW,1
ENR000935,BBIS027,Female,Bachelor of Business Information Systems,1,1,MATH1103,Business Mathematics,1,NEW,64.96,77.36,52.63,79.72,5,0.0,0,66.47,PASS,LOW,64.981,0.8148518797225438,0,0,12.365016511648227,70.814,79.78,73.522,68.46000000000001,8.892978617988462,0,LOW,1
ENR000936,BBIS028,Female,Bachelor of Business Information Systems,1,1,BIS1101,Business Information Systems,1,NEW,73.07,77.93,71.86,91.78,5,0.0,0,67.85,PASS,LOW,74.165,0.7961428637891845,0,0,3.212698761685161,73.398,91.91,78.51599999999999,68.522,3.146337124339986,0,LOW,1
ENR000937,BBIS028,Female,Bachelor of Business Information Systems,1,1,BICT1101,End User Computing,1,NEW,74.25,76.83,72.94,93.21,5,0.0,0,73.92,PASS,LOW,74.631,0.7965882634279301,0,0,1.9792506999704038,73.398,91.91,78.51599999999999,68.522,3.146337124339986,0,LOW,1
ENR000938,BBIS028,Female,Bachelor of Business Information Systems,1,1,COMM1101,Communication Skills I,1,NEW,74.38,75.52,71.0,94.56,5,0.0,0,76.65,PASS,LOW,73.708,0.7865904413504186,0,0,2.350687842596997,73.398,91.91,78.51599999999999,68.522,3.146337124339986,0,LOW,1
ENR000939,BBIS028,Female,Bachelor of Business Information Systems,1,1,ECON1101,Introduction to Economics,1,NEW,76.9,83.82,69.11,90.5,5,0.0,0,66.85,PASS,LOW,76.63900000000001,0.84972366301396,0,0,7.359286650212774,73.398,91.91,78.51599999999999,68.522,3.146337124339986,0,LOW,1
ENR000940,BBIS028,Female,Bachelor of Business Information Systems,1,1,MATH1103,Business Mathematics,1,NEW,68.39,78.48,57.7,89.5,5,0.0,0,64.9,PASS,LOW,68.21,0.7641339928341907,0,0,10.391443595574199,73.398,91.91,78.51599999999999,68.522,3.146337124339986,0,LOW,1
ENR000941,BBIS029,Female,Bachelor of Business Information Systems,1,1,BIS1101,Business Information Systems,1,NEW,77.5,85.33,69.25,93.56,5,0.0,0,77.13,PASS,LOW,77.374,0.8283453582358531,0,0,8.040914127137535,76.96600000000001,92.454,79.22999999999999,74.22,4.821534278629573,0,LOW,1
ENR000942,BBIS029,Female,Bachelor of Business Information Systems,1,1,BICT1101,End User Computing,1,NEW,84.37,80.76,88.03,87.95,5,0.0,0,88.86,PASS,LOW,84.385,0.9592949449351967,0,0,3.6350286564665923,76.96600000000001,92.454,79.22999999999999,74.22,4.821534278629573,0,LOW,1
ENR000943,BBIS029,Female,Bachelor of Business Information Systems,1,1,COMM1101,Communication Skills I,1,NEW,70.5,74.03,69.09,92.56,5,0.0,0,66.43,PASS,LOW,71.13600000000001,0.7616680248846126,0,0,2.544687276136958,76.96600000000001,92.454,79.22999999999999,74.22,4.821534278629573,0,LOW,1
ENR000944,BBIS029,Female,Bachelor of Business Information Systems,1,1,ECON1101,Introduction to Economics,1,NEW,76.09,79.29,70.23,99.04,5,0.0,0,67.9,PASS,LOW,75.292,0.7682753666927133,0,0,4.594620042324865,76.96600000000001,92.454,79.22999999999999,74.22,4.821534278629573,0,LOW,1
ENR000945,BBIS029,Female,Bachelor of Business Information Systems,1,1,MATH1103,Business Mathematics,1,NEW,76.37,76.74,74.5,89.16,5,0.0,0,75.58,PASS,LOW,75.91999999999999,0.856549926362727,0,0,1.2007914056987574,76.96600000000001,92.454,79.22999999999999,74.22,4.821534278629573,0,LOW,1
ENR000946,BBIS030,Female,Bachelor of Business Information Systems,1,1,BIS1101,Business Information Systems,1,NEW,71.53,71.45,74.84,89.21,5,0.0,0,74.78,PASS,LOW,72.49900000000001,0.8018158500374566,0,0,1.9345369816401383,73.98400000000001,86.944,78.27799999999999,72.084,4.9726947121254055,0,LOW,1
ENR000947,BBIS030,Female,Bachelor of Business Information Systems,1,1,BICT1101,End User Computing,1,NEW,78.95,88.34,73.78,86.48,5,0.0,0,77.35,PASS,LOW,80.216,0.9129277390231568,0,0,7.381221669434765,73.98400000000001,86.944,78.27799999999999,72.084,4.9726947121254055,0,LOW,1
ENR000948,BBIS030,Female,Bachelor of Business Information Systems,1,1,COMM1101,Communication Skills I,1,NEW,78.47,85.41,76.28,90.48,5,0.0,0,86.41,PASS,LOW,79.89500000000001,0.8672633877914027,0,0,4.766490672741668,73.98400000000001,86.944,78.27799999999999,72.084,4.9726947121254055,0,LOW,1
ENR000949,BBIS030,Female,Bachelor of Business Information Systems,1,1,ECON1101,Introduction to Economics,1,NEW,69.87,72.2,67.75,82.88,5,0.0,0,72.67,PASS,LOW,69.933,0.8430259600596092,0,0,2.2258256894914314,73.98400000000001,86.944,78.27799999999999,72.084,4.9726947121254055,0,LOW,1
ENR000950,BBIS030,Female,Bachelor of Business Information Systems,1,1,MATH1103,Business Mathematics,1,NEW,71.1,73.99,67.77,85.67,5,0.0,0,69.15,PASS,LOW,70.968,0.8299286996698143,0,0,3.1125927027694016,73.98400000000001,86.944,78.27799999999999,72.084,4.9726947121254055,0,LOW,1
ENR000951,BBIS031,Female,Bachelor of Business Information Systems,1,1,BIS1101,Business Information Systems,1,NEW,54.0,61.2,46.65,73.79,5,0.0,0,56.65,PASS,MEDIUM,53.955,0.7318063786683319,0,0,7.275128864838067,56.366,74.186,58.641999999999996,52.970000000000006,4.702188426679648,0,AT_RISK,0
ENR000952,BBIS031,Female,Bachelor of Business Information Systems,1,1,BICT1101,End User Computing,1,NEW,53.34,55.94,52.46,75.13,5,0.0,0,58.47,PASS,MEDIUM,53.855999999999995,0.7099692918981377,0,0,1.8094566403573549,56.366,74.186,58.641999999999996,52.970000000000006,4.702188426679648,0,AT_RISK,0
ENR000953,BBIS031,Female,Bachelor of Business Information Systems,1,1,COMM1101,Communication Skills I,1,NEW,62.63,57.79,67.1,76.35,5,0.0,0,67.1,PASS,LOW,62.519000000000005,0.8203011368302375,0,0,4.656225223647725,56.366,74.186,58.641999999999996,52.970000000000006,4.702188426679648,0,LOW,1
ENR000954,BBIS031,Female,Bachelor of Business Information Systems,1,1,ECON1101,Introduction to Economics,1,NEW,61.13,61.82,53.61,71.37,5,0.0,0,52.79,PASS,MEDIUM,59.080999999999996,0.8565222283141055,0,0,4.553947005986493,56.366,74.186,58.641999999999996,52.970000000000006,4.702188426679648,0,AT_RISK,0
ENR000955,BBIS031,Female,Bachelor of Business Information Systems,1,1,MATH1103,Business Mathematics,1,NEW,50.73,56.46,45.03,74.29,5,0.0,0,49.2,FAIL,MEDIUM,50.739000000000004,0.6828643582091319,0,0,5.715006561676023,56.366,74.186,58.641999999999996,52.970000000000006,4.702188426679648,0,AT_RISK,0
ENR000956,BBIS032,Male,Bachelor of Business Information Systems,1,1,BIS1101,Business Information Systems,1,NEW,82.81,88.5,77.39,80.37,5,0.0,0,81.03,PASS,LOW,82.891,1.0303594587085405,0,0,5.555546777770843,86.646,84.174,92.046,82.874,3.1216014800098972,0,LOW,1
ENR000957,BBIS032,Male,Bachelor of Business Information Systems,1,1,BICT1101,End User Computing,1,NEW,91.3,94.7,88.35,88.07,5,0.0,0,85.5,PASS,LOW,91.435,1.0366752541529176,0,0,3.177656369087134,86.646,84.174,92.046,82.874,3.1216014800098972,0,LOW,1
ENR000958,BBIS032,Male,Bachelor of Business Information Systems,1,1,COMM1101,Communication Skills I,1,NEW,87.32,88.69,87.19,80.38,5,0.0,0,83.12,PASS,LOW,87.692,1.0863397503931636,0,0,0.8310435207215896,86.646,84.174,92.046,82.874,3.1216014800098972,0,LOW,1
ENR000959,BBIS032,Male,Bachelor of Business Information Systems,1,1,ECON1101,Introduction to Economics,1,NEW,86.15,98.5,79.37,87.09,5,0.0,0,81.46,PASS,LOW,87.821,0.9892064543338552,0,0,9.699207871436371,86.646,84.174,92.046,82.874,3.1216014800098972,0,LOW,1
ENR000960,BBIS032,Male,Bachelor of Business Information Systems,1,1,MATH1103,Business Mathematics,1,NEW,85.65,89.84,82.07,84.96,5,0.0,0,83.71,PASS,LOW,85.833,1.0081213502682027,0,0,3.8889887288771323,86.646,84.174,92.046,82.874,3.1216014800098972,0,LOW,1
ENR000961,BBIS033,Female,Bachelor of Business Information Systems,1,1,BIS1101,Business Information Systems,1,NEW,55.27,55.85,49.49,56.75,5,0.0,1,49.87,PASS,HIGH,53.71000000000001,0.9739205332298619,0,1,3.516494466558043,54.528,59.238,55.73,51.366,2.960776249566994,1,AT_RISK,0
ENR000962,BBIS033,Female,Bachelor of Business Information Systems,1,1,BICT1101,End User Computing,1,NEW,52.1,58.02,51.72,58.06,5,0.0,1,50.01,PASS,HIGH,53.762,0.8973474169225943,0,1,3.532723217764639,54.528,59.238,55.73,51.366,2.960776249566994,1,AT_RISK,0
ENR000963,BBIS033,Female,Bachelor of Business Information Systems,1,1,COMM1101,Communication Skills I,1,NEW,56.94,55.06,56.04,62.34,5,0.0,1,57.72,PASS,MEDIUM,56.105999999999995,0.9133781018001119,0,1,0.940283645148276,54.528,59.238,55.73,51.366,2.960776249566994,1,AT_RISK,0
ENR000964,BBIS033,Female,Bachelor of Business Information Systems,1,1,ECON1101,Introduction to Economics,1,NEW,59.0,55.33,55.51,56.18,5,0.0,1,60.63,PASS,HIGH,56.852000000000004,1.0501956122827318,0,1,2.0688724787510075,54.528,59.238,55.73,51.366,2.960776249566994,1,AT_RISK,0
ENR000965,BBIS033,Female,Bachelor of Business Information Systems,1,1,MATH1103,Business Mathematics,1,NEW,49.33,54.39,44.07,62.86,5,0.0,1,46.75,FAIL,HIGH,49.27,0.784759658803745,1,1,5.160322987307416,54.528,59.238,55.73,51.366,2.960776249566994,1,AT_RISK,0
ENR000966,BBIS034,Female,Bachelor of Business Information Systems,1,1,BIS1101,Business Information Systems,1,NEW,53.88,54.42,52.48,68.72,5,0.0,0,51.9,PASS,MEDIUM,53.622,0.7840511082579877,0,1,1.0012658654589894,54.372,66.564,55.226,54.129999999999995,2.039445954174809,0,AT_RISK,0
ENR000967,BBIS034,Female,Bachelor of Business Information Systems,1,1,BICT1101,End User Computing,1,NEW,52.41,45.34,59.43,65.07,5,0.0,0,54.43,PASS,MEDIUM,52.394999999999996,0.8054401712862808,0,1,7.045014785884647,54.372,66.564,55.226,54.129999999999995,2.039445954174809,0,AT_RISK,0
ENR000968,BBIS034,Female,Bachelor of Business Information Systems,1,1,COMM1101,Communication Skills I,1,NEW,55.55,65.44,46.95,63.41,5,0.0,0,58.75,PASS,MEDIUM,55.937,0.8760446497327472,0,1,9.252496960280503,54.372,66.564,55.226,54.129999999999995,2.039445954174809,0,AT_RISK,0
ENR000969,BBIS034,Female,Bachelor of Business Information Systems,1,1,ECON1101,Introduction to Economics,1,NEW,57.83,57.69,56.46,69.52,5,0.0,0,50.25,PASS,MEDIUM,57.376999999999995,0.8318468308620784,0,1,0.7538125319556123,54.372,66.564,55.226,54.129999999999995,2.039445954174809,0,AT_RISK,0
ENR000970,BBIS034,Female,Bachelor of Business Information Systems,1,1,MATH1103,Business Mathematics,1,NEW,52.19,53.24,55.33,66.1,5,0.0,0,58.74,PASS,MEDIUM,53.447,0.7895611513523221,0,1,1.5984471631346882,54.372,66.564,55.226,54.129999999999995,2.039445954174809,0,AT_RISK,0
ENR000971,BBIS035,Female,Bachelor of Business Information Systems,1,1,BIS1101,Business Information Systems,1,NEW,77.64,73.37,79.96,90.62,5,0.0,0,85.47,PASS,LOW,77.05499999999999,0.8567644166007043,0,0,3.342738398379383,72.92,90.256,74.282,72.292,3.110718036081059,0,LOW,1
ENR000972,BBIS035,Female,Bachelor of Business Information Systems,1,1,BICT1101,End User Computing,1,NEW,71.67,74.71,66.17,90.97,5,0.0,0,74.49,PASS,LOW,70.932,0.7878420591577379,0,0,4.328648749898745,72.92,90.256,74.282,72.292,3.110718036081059,0,LOW,1
ENR000973,BBIS035,Female,Bachelor of Business Information Systems,1,1,COMM1101,Communication Skills I,1,NEW,73.1,73.68,76.96,87.16,5,0.0,0,73.26,PASS,LOW,74.432,0.8386873750932337,0,0,2.0814418079783032,72.92,90.256,74.282,72.292,3.110718036081059,0,LOW,1
ENR000974,BBIS035,Female,Bachelor of Business Information Systems,1,1,ECON1101,Introduction to Economics,1,NEW,67.69,74.07,66.2,86.49,5,0.0,0,79.26,PASS,LOW,69.157,0.7826337400122858,0,0,4.180538242858205,72.92,90.256,74.282,72.292,3.110718036081059,0,LOW,1
ENR000975,BBIS035,Female,Bachelor of Business Information Systems,1,1,MATH1103,Business Mathematics,1,NEW,74.5,75.58,72.17,96.04,5,0.0,0,80.1,PASS,LOW,74.125,0.7757183698752217,0,0,1.7427660007394359,72.92,90.256,74.282,72.292,3.110718036081059,0,LOW,1
ENR000976,BBIS036,Male,Bachelor of Business Information Systems,1,1,BIS1101,Business Information Systems,1,NEW,71.82,66.02,73.76,90.36,4,0.0,0,89.78,PASS,LOW,70.66199999999999,0.794820629169917,0,0,4.027224023236522,73.092,92.056,71.874,72.256,2.8300038339196636,0,LOW,1
ENR000977,BBIS036,Male,Bachelor of Business Information Systems,1,1,BICT1101,End User Computing,1,NEW,72.03,75.28,66.43,87.75,4,0.0,0,63.1,PASS,LOW,71.325,0.8208546073100162,0,0,4.476698932621369,73.092,92.056,71.874,72.256,2.8300038339196636,0,LOW,1
ENR000978,BBIS036,Male,Bachelor of Business Information Systems,1,1,COMM1101,Communication Skills I,1,NEW,70.1,67.82,74.31,87.5,4,0.0,0,79.56,PASS,LOW,70.679,0.8011427655836838,0,0,3.2924813337866268,73.092,92.056,71.874,72.256,2.8300038339196636,0,LOW,1
ENR000979,BBIS036,Male,Bachelor of Business Information Systems,1,1,ECON1101,Introduction to Economics,1,NEW,77.77,77.9,76.38,96.66,4,0.0,0,69.94,PASS,LOW,77.392,0.8045726459163411,0,0,0.8425556361451781,73.092,92.056,71.874,72.256,2.8300038339196636,0,LOW,1
ENR000980,BBIS036,Male,Bachelor of Business Information Systems,1,1,MATH1103,Business Mathematics,1,NEW,73.74,72.35,70.4,98.01,4,0.0,0,74.9,PASS,LOW,72.321,0.7523721301528281,0,0,1.6778061071927572,73.092,92.056,71.874,72.256,2.8300038339196636,0,LOW,1
ENR000981,BBIS037,Female,Bachelor of Business Information Systems,1,1,BIS1101,Business Information Systems,1,NEW,50.57,50.51,48.36,68.7,6,0.0,1,55.9,PASS,MEDIUM,49.889,0.7360988739302948,0,1,1.258981069489662,47.224000000000004,63.174,49.592,45.010000000000005,4.937071368736735,3,AT_RISK,0
ENR000982,BBIS037,Female,Bachelor of Business Information Systems,1,1,BICT1101,End User Computing,1,NEW,48.3,48.85,45.17,64.52,6,0.0,1,52.3,PASS,HIGH,47.526,0.7486049676681699,1,1,1.9850188915977591,47.224000000000004,63.174,49.592,45.010000000000005,4.937071368736735,3,AT_RISK,0
ENR000983,BBIS037,Female,Bachelor of Business Information Systems,1,1,COMM1101,Communication Skills I,1,NEW,51.42,54.55,50.84,62.38,6,0.0,1,50.29,PASS,MEDIUM,52.185,0.8243025289672123,0,1,1.9957204213015378,47.224000000000004,63.174,49.592,45.010000000000005,4.937071368736735,3,AT_RISK,0
ENR000984,BBIS037,Female,Bachelor of Business Information Systems,1,1,ECON1101,Introduction to Economics,1,NEW,46.9,46.77,49.44,59.49,6,0.0,1,48.05,FAIL,HIGH,47.623,0.7883676603853318,1,1,1.5054013861204352,47.224000000000004,63.174,49.592,45.010000000000005,4.937071368736735,3,AT_RISK,0
ENR000985,BBIS037,Female,Bachelor of Business Information Systems,1,1,MATH1103,Business Mathematics,1,NEW,38.93,47.28,31.24,60.78,6,0.0,1,34.64,FAIL,HIGH,39.128,0.6405066402588614,1,1,8.022262773058486,47.224000000000004,63.174,49.592,45.010000000000005,4.937071368736735,3,AT_RISK,0
ENR000986,BBIS038,Female,Bachelor of Business Information Systems,1,1,BIS1101,Business Information Systems,1,NEW,79.88,81.91,77.26,82.55,5,0.0,0,79.31,PASS,LOW,79.70299999999999,0.9676558488605876,0,0,2.3312300043825176,76.154,85.696,76.644,76.796,5.838040664469543,0,LOW,1
ENR000987,BBIS038,Female,Bachelor of Business Information Systems,1,1,BICT1101,End User Computing,1,NEW,76.34,78.53,79.4,85.27,5,0.0,0,74.92,PASS,LOW,77.915,0.8952737310573788,0,0,1.5767371372552883,76.154,85.696,76.644,76.796,5.838040664469543,0,LOW,1
ENR000988,BBIS038,Female,Bachelor of Business Information Systems,1,1,COMM1101,Communication Skills I,1,NEW,82.84,79.09,88.92,86.32,5,0.0,0,84.52,PASS,LOW,83.539,0.9596847822422635,0,0,4.960809745730361,76.154,85.696,76.644,76.796,5.838040664469543,0,LOW,1
ENR000989,BBIS038,Female,Bachelor of Business Information Systems,1,1,ECON1101,Introduction to Economics,1,NEW,73.11,73.44,70.47,85.29,5,0.0,0,65.21,PASS,LOW,72.417,0.8571930053707344,0,0,1.6278513445643612,76.154,85.696,76.644,76.796,5.838040664469543,0,LOW,1
ENR000990,BBIS038,Female,Bachelor of Business Information Systems,1,1,MATH1103,Business Mathematics,1,NEW,68.6,70.25,67.93,89.05,5,0.0,0,77.49,PASS,LOW,68.894,0.7703536473493938,0,0,1.1939988833048918,76.154,85.696,76.644,76.796,5.838040664469543,0,LOW,1
ENR000991,BBIS039,Female,Bachelor of Business Information Systems,1,1,BIS1101,Business Information Systems,1,NEW,69.45,66.53,71.24,64.8,5,0.0,0,70.53,PASS,MEDIUM,69.111,1.0717590938643373,0,1,2.3774846652151767,67.03999999999999,69.54400000000001,68.64,65.978,3.5601854305639766,0,AT_RISK,0
ENR000992,BBIS039,Female,Bachelor of Business Information Systems,1,1,BICT1101,End User Computing,1,NEW,69.33,68.09,75.46,77.44,5,0.0,0,66.55,PASS,LOW,70.797,0.895273644721895,0,0,3.9461246812537443,67.03999999999999,69.54400000000001,68.64,65.978,3.5601854305639766,0,LOW,1
ENR000993,BBIS039,Female,Bachelor of Business Information Systems,1,1,COMM1101,Communication Skills I,1,NEW,69.02,65.25,72.44,65.56,5,0.0,0,72.57,PASS,MEDIUM,68.915,1.0527759223953748,0,1,3.5964195157591563,67.03999999999999,69.54400000000001,68.64,65.978,3.5601854305639766,0,AT_RISK,0
ENR000994,BBIS039,Female,Bachelor of Business Information Systems,1,1,ECON1101,Introduction to Economics,1,NEW,63.22,66.91,55.43,69.08,5,0.0,0,57.65,PASS,MEDIUM,61.989999999999995,0.9151706839648691,0,1,5.86075364892036,67.03999999999999,69.54400000000001,68.64,65.978,3.5601854305639766,0,AT_RISK,0
ENR000995,BBIS039,Female,Bachelor of Business Information Systems,1,1,MATH1103,Business Mathematics,1,NEW,64.18,76.42,55.32,70.84,5,0.0,0,52.61,PASS,MEDIUM,65.194,0.9059851911370425,0,0,10.595023989275973,67.03999999999999,69.54400000000001,68.64,65.978,3.5601854305639766,0,AT_RISK,0
ENR000996,BBIS040,Male,Bachelor of Business Information Systems,1,1,BIS1101,Business Information Systems,1,NEW,76.03,89.58,60.66,91.55,5,0.0,0,69.63,PASS,LOW,75.484,0.8304750594784206,0,0,14.469541573019283,73.5,88.812,79.464,68.00399999999999,1.9755713857008526,0,LOW,1
ENR000997,BBIS040,Male,Bachelor of Business Information Systems,1,1,BICT1101,End User Computing,1,NEW,72.23,71.76,67.64,86.24,5,0.0,0,77.31,PASS,LOW,70.712,0.8375462850711637,0,0,2.5253184617654356,73.5,88.812,79.464,68.00399999999999,1.9755713857008526,0,LOW,1
ENR000998,BBIS040,Male,Bachelor of Business Information Systems,1,1,COMM1101,Communication Skills I,1,NEW,73.99,82.47,69.5,88.68,5,0.0,0,63.55,PASS,LOW,75.187,0.8343481242277712,0,0,6.58649375616496,73.5,88.812,79.464,68.00399999999999,1.9755713857008526,0,LOW,1
ENR000999,BBIS040,Male,Bachelor of Business Information Systems,1,1,ECON1101,Introduction to Economics,1,NEW,72.79,75.51,69.62,85.79,5,0.0,0,62.67,PASS,LOW,72.655,0.8484670884174043,0,0,2.9478636332096504,73.5,88.812,79.464,68.00399999999999,1.9755713857008526,0,LOW,1
ENR001000,BBIS040,Male,Bachelor of Business Information Systems,1,1,MATH1103,Business Mathematics,1,NEW,72.46,78.0,72.6,91.8,5,0.0,0,73.31,PASS,LOW,74.16399999999999,0.7893245327533188,0,0,3.1588816586465147,73.5,88.812,79.464,68.00399999999999,1.9755713857008526,0,LOW,1
